Extracted from the UNHCR Population Statistics Reference Database,United Nations High Commissioner for Refugees,,,
Date extracted: 2016-03-24 20:11:16 +01:00,,,,
Country / territory of asylum/residence,Origin,Year,Month,Value
Albania,Syrian Arab Rep.,2012,December,3
Albania,Syrian Arab Rep.,2013,March,8
Albania,Syrian Arab Rep.,2013,August,4
Albania,Syrian Arab Rep.,2013,September,4
Albania,Syrian Arab Rep.,2013,December,8
Albania,Syrian Arab Rep.,2014,May,*
Albania,Syrian Arab Rep.,2014,June,*
Albania,Syrian Arab Rep.,2014,July,10
Albania,Syrian Arab Rep.,2014,August,6
Albania,Syrian Arab Rep.,2014,September,*
Albania,Syrian Arab Rep.,2014,October,32
Albania,Syrian Arab Rep.,2014,November,30
Albania,Syrian Arab Rep.,2014,December,8
Albania,Syrian Arab Rep.,2015,April,28
Albania,Syrian Arab Rep.,2015,May,*
Albania,Syrian Arab Rep.,2015,June,37
Albania,Syrian Arab Rep.,2015,August,*
Albania,Syrian Arab Rep.,2015,October,*
Australia,Syrian Arab Rep.,2011,March,7
Australia,Syrian Arab Rep.,2011,April,2
Australia,Syrian Arab Rep.,2011,May,7
Australia,Syrian Arab Rep.,2011,June,7
Australia,Syrian Arab Rep.,2011,July,8
Australia,Syrian Arab Rep.,2011,August,12
Australia,Syrian Arab Rep.,2011,September,18
Australia,Syrian Arab Rep.,2011,October,12
Australia,Syrian Arab Rep.,2011,November,8
Australia,Syrian Arab Rep.,2011,December,12
Australia,Syrian Arab Rep.,2012,January,29
Australia,Syrian Arab Rep.,2012,February,11
Australia,Syrian Arab Rep.,2012,March,14
Australia,Syrian Arab Rep.,2012,April,11
Australia,Syrian Arab Rep.,2012,May,9
Australia,Syrian Arab Rep.,2012,June,7
Australia,Syrian Arab Rep.,2012,July,8
Australia,Syrian Arab Rep.,2012,August,11
Australia,Syrian Arab Rep.,2012,September,9
Australia,Syrian Arab Rep.,2012,October,9
Australia,Syrian Arab Rep.,2012,November,16
Australia,Syrian Arab Rep.,2012,December,9
Australia,Syrian Arab Rep.,2013,January,17
Australia,Syrian Arab Rep.,2013,February,6
Australia,Syrian Arab Rep.,2013,March,9
Australia,Syrian Arab Rep.,2013,April,12
Australia,Syrian Arab Rep.,2013,May,16
Australia,Syrian Arab Rep.,2013,June,2
Australia,Syrian Arab Rep.,2013,July,18
Australia,Syrian Arab Rep.,2013,August,15
Australia,Syrian Arab Rep.,2013,September,19
Australia,Syrian Arab Rep.,2013,October,5
Australia,Syrian Arab Rep.,2013,November,8
Australia,Syrian Arab Rep.,2013,December,12
Australia,Syrian Arab Rep.,2014,January,12
Australia,Syrian Arab Rep.,2014,February,*
Australia,Syrian Arab Rep.,2014,March,*
Australia,Syrian Arab Rep.,2014,April,6
Australia,Syrian Arab Rep.,2014,May,*
Australia,Syrian Arab Rep.,2014,June,9
Australia,Syrian Arab Rep.,2014,July,5
Australia,Syrian Arab Rep.,2014,August,6
Australia,Syrian Arab Rep.,2014,September,*
Australia,Syrian Arab Rep.,2014,October,5
Australia,Syrian Arab Rep.,2014,November,19
Australia,Syrian Arab Rep.,2014,December,*
Australia,Syrian Arab Rep.,2015,January,8
Australia,Syrian Arab Rep.,2015,February,8
Australia,Syrian Arab Rep.,2015,March,*
Australia,Syrian Arab Rep.,2015,April,*
Australia,Syrian Arab Rep.,2015,May,*
Australia,Syrian Arab Rep.,2015,June,9
Australia,Syrian Arab Rep.,2015,July,*
Australia,Syrian Arab Rep.,2015,August,*
Australia,Syrian Arab Rep.,2015,September,15
Australia,Syrian Arab Rep.,2015,October,15
Austria,Syrian Arab Rep.,2011,January,26
Austria,Syrian Arab Rep.,2011,February,17
Austria,Syrian Arab Rep.,2011,March,22
Austria,Syrian Arab Rep.,2011,April,31
Austria,Syrian Arab Rep.,2011,May,19
Austria,Syrian Arab Rep.,2011,June,37
Austria,Syrian Arab Rep.,2011,July,34
Austria,Syrian Arab Rep.,2011,August,38
Austria,Syrian Arab Rep.,2011,September,44
Austria,Syrian Arab Rep.,2011,October,77
Austria,Syrian Arab Rep.,2011,November,35
Austria,Syrian Arab Rep.,2011,December,43
Austria,Syrian Arab Rep.,2012,January,56
Austria,Syrian Arab Rep.,2012,February,64
Austria,Syrian Arab Rep.,2012,March,33
Austria,Syrian Arab Rep.,2012,April,68
Austria,Syrian Arab Rep.,2012,May,79
Austria,Syrian Arab Rep.,2012,June,65
Austria,Syrian Arab Rep.,2012,July,90
Austria,Syrian Arab Rep.,2012,August,94
Austria,Syrian Arab Rep.,2012,September,88
Austria,Syrian Arab Rep.,2012,October,113
Austria,Syrian Arab Rep.,2012,November,110
Austria,Syrian Arab Rep.,2012,December,62
Austria,Syrian Arab Rep.,2013,January,118
Austria,Syrian Arab Rep.,2013,February,100
Austria,Syrian Arab Rep.,2013,March,84
Austria,Syrian Arab Rep.,2013,April,91
Austria,Syrian Arab Rep.,2013,May,88
Austria,Syrian Arab Rep.,2013,June,123
Austria,Syrian Arab Rep.,2013,July,102
Austria,Syrian Arab Rep.,2013,August,102
Austria,Syrian Arab Rep.,2013,September,201
Austria,Syrian Arab Rep.,2013,October,338
Austria,Syrian Arab Rep.,2013,November,336
Austria,Syrian Arab Rep.,2013,December,308
Austria,Syrian Arab Rep.,2014,January,327
Austria,Syrian Arab Rep.,2014,February,247
Austria,Syrian Arab Rep.,2014,March,212
Austria,Syrian Arab Rep.,2014,April,282
Austria,Syrian Arab Rep.,2014,May,358
Austria,Syrian Arab Rep.,2014,June,396
Austria,Syrian Arab Rep.,2014,July,587
Austria,Syrian Arab Rep.,2014,August,671
Austria,Syrian Arab Rep.,2014,September,1133
Austria,Syrian Arab Rep.,2014,October,971
Austria,Syrian Arab Rep.,2014,November,1278
Austria,Syrian Arab Rep.,2014,December,1199
Austria,Syrian Arab Rep.,2015,January,898
Austria,Syrian Arab Rep.,2015,February,659
Austria,Syrian Arab Rep.,2015,March,835
Austria,Syrian Arab Rep.,2015,April,1020
Austria,Syrian Arab Rep.,2015,May,1833
Austria,Syrian Arab Rep.,2015,June,2435
Austria,Syrian Arab Rep.,2015,July,2329
Austria,Syrian Arab Rep.,2015,August,2815
Austria,Syrian Arab Rep.,2015,September,3771
Austria,Syrian Arab Rep.,2015,October,3798
Austria,Syrian Arab Rep.,2015,November,2829
Belgium,Syrian Arab Rep.,2011,January,33
Belgium,Syrian Arab Rep.,2011,February,42
Belgium,Syrian Arab Rep.,2011,March,20
Belgium,Syrian Arab Rep.,2011,April,28
Belgium,Syrian Arab Rep.,2011,May,34
Belgium,Syrian Arab Rep.,2011,June,42
Belgium,Syrian Arab Rep.,2011,July,52
Belgium,Syrian Arab Rep.,2011,August,56
Belgium,Syrian Arab Rep.,2011,September,48
Belgium,Syrian Arab Rep.,2011,October,45
Belgium,Syrian Arab Rep.,2011,November,35
Belgium,Syrian Arab Rep.,2011,December,59
Belgium,Syrian Arab Rep.,2012,January,52
Belgium,Syrian Arab Rep.,2012,February,43
Belgium,Syrian Arab Rep.,2012,March,22
Belgium,Syrian Arab Rep.,2012,April,31
Belgium,Syrian Arab Rep.,2012,May,40
Belgium,Syrian Arab Rep.,2012,June,55
Belgium,Syrian Arab Rep.,2012,July,59
Belgium,Syrian Arab Rep.,2012,August,83
Belgium,Syrian Arab Rep.,2012,September,73
Belgium,Syrian Arab Rep.,2012,October,108
Belgium,Syrian Arab Rep.,2012,November,114
Belgium,Syrian Arab Rep.,2012,December,118
Belgium,Syrian Arab Rep.,2013,January,123
Belgium,Syrian Arab Rep.,2013,February,66
Belgium,Syrian Arab Rep.,2013,March,46
Belgium,Syrian Arab Rep.,2013,April,52
Belgium,Syrian Arab Rep.,2013,May,62
Belgium,Syrian Arab Rep.,2013,June,61
Belgium,Syrian Arab Rep.,2013,July,77
Belgium,Syrian Arab Rep.,2013,August,79
Belgium,Syrian Arab Rep.,2013,September,112
Belgium,Syrian Arab Rep.,2013,October,93
Belgium,Syrian Arab Rep.,2013,November,116
Belgium,Syrian Arab Rep.,2013,December,57
Belgium,Syrian Arab Rep.,2014,January,141
Belgium,Syrian Arab Rep.,2014,February,97
Belgium,Syrian Arab Rep.,2014,March,112
Belgium,Syrian Arab Rep.,2014,April,116
Belgium,Syrian Arab Rep.,2014,May,90
Belgium,Syrian Arab Rep.,2014,June,159
Belgium,Syrian Arab Rep.,2014,July,136
Belgium,Syrian Arab Rep.,2014,August,387
Belgium,Syrian Arab Rep.,2014,September,261
Belgium,Syrian Arab Rep.,2014,October,361
Belgium,Syrian Arab Rep.,2014,November,245
Belgium,Syrian Arab Rep.,2014,December,419
Belgium,Syrian Arab Rep.,2015,January,256
Belgium,Syrian Arab Rep.,2015,February,204
Belgium,Syrian Arab Rep.,2015,March,222
Belgium,Syrian Arab Rep.,2015,April,204
Belgium,Syrian Arab Rep.,2015,May,270
Belgium,Syrian Arab Rep.,2015,June,513
Belgium,Syrian Arab Rep.,2015,July,691
Belgium,Syrian Arab Rep.,2015,August,1205
Belgium,Syrian Arab Rep.,2015,September,1904
Belgium,Syrian Arab Rep.,2015,October,1896
Belgium,Syrian Arab Rep.,2015,November,1738
Belgium,Syrian Arab Rep.,2015,December,1082
Bosnia and Herzegovina,Syrian Arab Rep.,2012,January,1
Bosnia and Herzegovina,Syrian Arab Rep.,2012,July,2
Bosnia and Herzegovina,Syrian Arab Rep.,2012,August,8
Bosnia and Herzegovina,Syrian Arab Rep.,2012,September,1
Bosnia and Herzegovina,Syrian Arab Rep.,2012,October,12
Bosnia and Herzegovina,Syrian Arab Rep.,2012,November,4
Bosnia and Herzegovina,Syrian Arab Rep.,2012,December,7
Bosnia and Herzegovina,Syrian Arab Rep.,2013,January,7
Bosnia and Herzegovina,Syrian Arab Rep.,2013,February,1
Bosnia and Herzegovina,Syrian Arab Rep.,2013,March,1
Bosnia and Herzegovina,Syrian Arab Rep.,2013,April,3
Bosnia and Herzegovina,Syrian Arab Rep.,2013,May,20
Bosnia and Herzegovina,Syrian Arab Rep.,2013,June,10
Bosnia and Herzegovina,Syrian Arab Rep.,2013,July,4
Bosnia and Herzegovina,Syrian Arab Rep.,2013,August,1
Bosnia and Herzegovina,Syrian Arab Rep.,2013,October,2
Bosnia and Herzegovina,Syrian Arab Rep.,2013,November,5
Bosnia and Herzegovina,Syrian Arab Rep.,2013,December,5
Bosnia and Herzegovina,Syrian Arab Rep.,2014,March,*
Bosnia and Herzegovina,Syrian Arab Rep.,2014,August,*
Bosnia and Herzegovina,Syrian Arab Rep.,2014,October,*
Bosnia and Herzegovina,Syrian Arab Rep.,2014,November,*
Bosnia and Herzegovina,Syrian Arab Rep.,2015,February,*
Bosnia and Herzegovina,Syrian Arab Rep.,2015,July,*
Bosnia and Herzegovina,Syrian Arab Rep.,2015,August,*
Bosnia and Herzegovina,Syrian Arab Rep.,2015,October,*
Bosnia and Herzegovina,Syrian Arab Rep.,2015,November,*
Bulgaria,Syrian Arab Rep.,2011,January,10
Bulgaria,Syrian Arab Rep.,2011,March,3
Bulgaria,Syrian Arab Rep.,2011,May,4
Bulgaria,Syrian Arab Rep.,2011,June,5
Bulgaria,Syrian Arab Rep.,2011,July,11
Bulgaria,Syrian Arab Rep.,2011,August,8
Bulgaria,Syrian Arab Rep.,2011,September,14
Bulgaria,Syrian Arab Rep.,2011,October,5
Bulgaria,Syrian Arab Rep.,2011,November,1
Bulgaria,Syrian Arab Rep.,2011,December,6
Bulgaria,Syrian Arab Rep.,2012,January,12
Bulgaria,Syrian Arab Rep.,2012,February,3
Bulgaria,Syrian Arab Rep.,2012,March,6
Bulgaria,Syrian Arab Rep.,2012,April,6
Bulgaria,Syrian Arab Rep.,2012,May,17
Bulgaria,Syrian Arab Rep.,2012,June,17
Bulgaria,Syrian Arab Rep.,2012,July,23
Bulgaria,Syrian Arab Rep.,2012,August,41
Bulgaria,Syrian Arab Rep.,2012,September,48
Bulgaria,Syrian Arab Rep.,2012,October,116
Bulgaria,Syrian Arab Rep.,2012,November,51
Bulgaria,Syrian Arab Rep.,2012,December,96
Bulgaria,Syrian Arab Rep.,2013,January,85
Bulgaria,Syrian Arab Rep.,2013,February,42
Bulgaria,Syrian Arab Rep.,2013,March,179
Bulgaria,Syrian Arab Rep.,2013,April,98
Bulgaria,Syrian Arab Rep.,2013,May,117
Bulgaria,Syrian Arab Rep.,2013,June,200
Bulgaria,Syrian Arab Rep.,2013,July,110
Bulgaria,Syrian Arab Rep.,2013,August,507
Bulgaria,Syrian Arab Rep.,2013,September,670
Bulgaria,Syrian Arab Rep.,2013,October,911
Bulgaria,Syrian Arab Rep.,2013,November,1038
Bulgaria,Syrian Arab Rep.,2013,December,490
Bulgaria,Syrian Arab Rep.,2014,January,660
Bulgaria,Syrian Arab Rep.,2014,February,423
Bulgaria,Syrian Arab Rep.,2014,March,220
Bulgaria,Syrian Arab Rep.,2014,April,143
Bulgaria,Syrian Arab Rep.,2014,May,259
Bulgaria,Syrian Arab Rep.,2014,June,363
Bulgaria,Syrian Arab Rep.,2014,July,467
Bulgaria,Syrian Arab Rep.,2014,August,767
Bulgaria,Syrian Arab Rep.,2014,September,799
Bulgaria,Syrian Arab Rep.,2014,October,656
Bulgaria,Syrian Arab Rep.,2014,November,714
Bulgaria,Syrian Arab Rep.,2014,December,731
Bulgaria,Syrian Arab Rep.,2015,January,591
Bulgaria,Syrian Arab Rep.,2015,February,460
Bulgaria,Syrian Arab Rep.,2015,March,401
Bulgaria,Syrian Arab Rep.,2015,April,547
Bulgaria,Syrian Arab Rep.,2015,May,530
Bulgaria,Syrian Arab Rep.,2015,June,852
Bulgaria,Syrian Arab Rep.,2015,July,677
Bulgaria,Syrian Arab Rep.,2015,August,517
Bulgaria,Syrian Arab Rep.,2015,September,453
Bulgaria,Syrian Arab Rep.,2015,October,440
Bulgaria,Syrian Arab Rep.,2015,November,322
Bulgaria,Syrian Arab Rep.,2015,December,160
Canada,Syrian Arab Rep.,2011,January,12
Canada,Syrian Arab Rep.,2011,February,10
Canada,Syrian Arab Rep.,2011,March,13
Canada,Syrian Arab Rep.,2011,April,7
Canada,Syrian Arab Rep.,2011,May,17
Canada,Syrian Arab Rep.,2011,June,11
Canada,Syrian Arab Rep.,2011,July,10
Canada,Syrian Arab Rep.,2011,August,12
Canada,Syrian Arab Rep.,2011,September,17
Canada,Syrian Arab Rep.,2011,October,24
Canada,Syrian Arab Rep.,2011,November,24
Canada,Syrian Arab Rep.,2011,December,19
Canada,Syrian Arab Rep.,2012,January,29
Canada,Syrian Arab Rep.,2012,February,25
Canada,Syrian Arab Rep.,2012,March,23
Canada,Syrian Arab Rep.,2012,April,20
Canada,Syrian Arab Rep.,2012,May,17
Canada,Syrian Arab Rep.,2012,June,19
Canada,Syrian Arab Rep.,2012,July,19
Canada,Syrian Arab Rep.,2012,August,33
Canada,Syrian Arab Rep.,2012,September,36
Canada,Syrian Arab Rep.,2012,October,42
Canada,Syrian Arab Rep.,2012,November,37
Canada,Syrian Arab Rep.,2012,December,36
Canada,Syrian Arab Rep.,2013,January,19
Canada,Syrian Arab Rep.,2013,February,11
Canada,Syrian Arab Rep.,2013,March,44
Canada,Syrian Arab Rep.,2013,April,47
Canada,Syrian Arab Rep.,2013,May,39
Canada,Syrian Arab Rep.,2013,June,31
Canada,Syrian Arab Rep.,2013,July,31
Canada,Syrian Arab Rep.,2013,August,36
Canada,Syrian Arab Rep.,2013,September,66
Canada,Syrian Arab Rep.,2013,October,55
Canada,Syrian Arab Rep.,2013,November,45
Canada,Syrian Arab Rep.,2013,December,69
Canada,Syrian Arab Rep.,2014,January,54
Canada,Syrian Arab Rep.,2014,February,36
Canada,Syrian Arab Rep.,2014,March,41
Canada,Syrian Arab Rep.,2014,April,21
Canada,Syrian Arab Rep.,2014,May,46
Canada,Syrian Arab Rep.,2014,June,49
Canada,Syrian Arab Rep.,2014,July,69
Canada,Syrian Arab Rep.,2014,August,25
Canada,Syrian Arab Rep.,2014,September,58
Canada,Syrian Arab Rep.,2014,October,77
Canada,Syrian Arab Rep.,2014,November,45
Canada,Syrian Arab Rep.,2014,December,37
Canada,Syrian Arab Rep.,2015,January,47
Canada,Syrian Arab Rep.,2015,February,33
Canada,Syrian Arab Rep.,2015,March,20
Canada,Syrian Arab Rep.,2015,April,15
Canada,Syrian Arab Rep.,2015,May,36
Canada,Syrian Arab Rep.,2015,June,73
Canada,Syrian Arab Rep.,2015,July,56
Canada,Syrian Arab Rep.,2015,August,56
Canada,Syrian Arab Rep.,2015,September,65
Canada,Syrian Arab Rep.,2015,October,70
Canada,Syrian Arab Rep.,2015,November,47
Canada,Syrian Arab Rep.,2015,December,63
Cyprus,Syrian Arab Rep.,2011,January,8
Cyprus,Syrian Arab Rep.,2011,February,8
Cyprus,Syrian Arab Rep.,2011,March,4
Cyprus,Syrian Arab Rep.,2011,April,4
Cyprus,Syrian Arab Rep.,2011,May,12
Cyprus,Syrian Arab Rep.,2011,June,11
Cyprus,Syrian Arab Rep.,2011,July,11
Cyprus,Syrian Arab Rep.,2011,August,11
Cyprus,Syrian Arab Rep.,2011,September,33
Cyprus,Syrian Arab Rep.,2011,October,44
Cyprus,Syrian Arab Rep.,2011,November,26
Cyprus,Syrian Arab Rep.,2011,December,15
Cyprus,Syrian Arab Rep.,2012,January,32
Cyprus,Syrian Arab Rep.,2012,February,14
Cyprus,Syrian Arab Rep.,2012,March,31
Cyprus,Syrian Arab Rep.,2012,April,49
Cyprus,Syrian Arab Rep.,2012,May,52
Cyprus,Syrian Arab Rep.,2012,June,28
Cyprus,Syrian Arab Rep.,2012,July,53
Cyprus,Syrian Arab Rep.,2012,August,72
Cyprus,Syrian Arab Rep.,2012,September,81
Cyprus,Syrian Arab Rep.,2012,October,59
Cyprus,Syrian Arab Rep.,2012,November,57
Cyprus,Syrian Arab Rep.,2012,December,36
Cyprus,Syrian Arab Rep.,2013,January,32
Cyprus,Syrian Arab Rep.,2013,February,54
Cyprus,Syrian Arab Rep.,2013,March,31
Cyprus,Syrian Arab Rep.,2013,April,29
Cyprus,Syrian Arab Rep.,2013,May,60
Cyprus,Syrian Arab Rep.,2013,June,28
Cyprus,Syrian Arab Rep.,2013,July,24
Cyprus,Syrian Arab Rep.,2013,August,65
Cyprus,Syrian Arab Rep.,2013,September,53
Cyprus,Syrian Arab Rep.,2013,October,68
Cyprus,Syrian Arab Rep.,2013,November,51
Cyprus,Syrian Arab Rep.,2013,December,67
Cyprus,Syrian Arab Rep.,2014,January,79
Cyprus,Syrian Arab Rep.,2014,February,59
Cyprus,Syrian Arab Rep.,2014,March,72
Cyprus,Syrian Arab Rep.,2014,April,104
Cyprus,Syrian Arab Rep.,2014,May,70
Cyprus,Syrian Arab Rep.,2014,June,85
Cyprus,Syrian Arab Rep.,2014,July,82
Cyprus,Syrian Arab Rep.,2014,August,77
Cyprus,Syrian Arab Rep.,2014,September,95
Cyprus,Syrian Arab Rep.,2014,October,126
Cyprus,Syrian Arab Rep.,2014,November,74
Cyprus,Syrian Arab Rep.,2014,December,61
Cyprus,Syrian Arab Rep.,2015,January,72
Cyprus,Syrian Arab Rep.,2015,February,43
Cyprus,Syrian Arab Rep.,2015,March,58
Cyprus,Syrian Arab Rep.,2015,April,53
Cyprus,Syrian Arab Rep.,2015,May,60
Cyprus,Syrian Arab Rep.,2015,June,57
Cyprus,Syrian Arab Rep.,2015,July,75
Cyprus,Syrian Arab Rep.,2015,August,52
Cyprus,Syrian Arab Rep.,2015,September,142
Cyprus,Syrian Arab Rep.,2015,October,119
Cyprus,Syrian Arab Rep.,2015,November,96
Cyprus,Syrian Arab Rep.,2015,December,81
Czech Rep.,Syrian Arab Rep.,2011,July,2
Czech Rep.,Syrian Arab Rep.,2011,August,2
Czech Rep.,Syrian Arab Rep.,2011,October,1
Czech Rep.,Syrian Arab Rep.,2011,December,2
Czech Rep.,Syrian Arab Rep.,2012,January,2
Czech Rep.,Syrian Arab Rep.,2012,February,6
Czech Rep.,Syrian Arab Rep.,2012,March,4
Czech Rep.,Syrian Arab Rep.,2012,April,1
Czech Rep.,Syrian Arab Rep.,2012,May,3
Czech Rep.,Syrian Arab Rep.,2012,June,1
Czech Rep.,Syrian Arab Rep.,2012,July,3
Czech Rep.,Syrian Arab Rep.,2012,August,3
Czech Rep.,Syrian Arab Rep.,2012,September,5
Czech Rep.,Syrian Arab Rep.,2012,October,18
Czech Rep.,Syrian Arab Rep.,2012,November,10
Czech Rep.,Syrian Arab Rep.,2012,December,1
Czech Rep.,Syrian Arab Rep.,2013,January,8
Czech Rep.,Syrian Arab Rep.,2013,February,4
Czech Rep.,Syrian Arab Rep.,2013,March,5
Czech Rep.,Syrian Arab Rep.,2013,April,6
Czech Rep.,Syrian Arab Rep.,2013,May,10
Czech Rep.,Syrian Arab Rep.,2013,June,5
Czech Rep.,Syrian Arab Rep.,2013,July,3
Czech Rep.,Syrian Arab Rep.,2013,August,3
Czech Rep.,Syrian Arab Rep.,2013,September,3
Czech Rep.,Syrian Arab Rep.,2013,October,5
Czech Rep.,Syrian Arab Rep.,2013,November,6
Czech Rep.,Syrian Arab Rep.,2013,December,11
Czech Rep.,Syrian Arab Rep.,2014,January,5
Czech Rep.,Syrian Arab Rep.,2014,February,5
Czech Rep.,Syrian Arab Rep.,2014,March,12
Czech Rep.,Syrian Arab Rep.,2014,April,*
Czech Rep.,Syrian Arab Rep.,2014,May,5
Czech Rep.,Syrian Arab Rep.,2014,June,12
Czech Rep.,Syrian Arab Rep.,2014,July,*
Czech Rep.,Syrian Arab Rep.,2014,August,6
Czech Rep.,Syrian Arab Rep.,2014,September,11
Czech Rep.,Syrian Arab Rep.,2014,October,8
Czech Rep.,Syrian Arab Rep.,2014,November,12
Czech Rep.,Syrian Arab Rep.,2014,December,26
Czech Rep.,Syrian Arab Rep.,2015,January,6
Czech Rep.,Syrian Arab Rep.,2015,February,7
Czech Rep.,Syrian Arab Rep.,2015,March,9
Czech Rep.,Syrian Arab Rep.,2015,April,*
Czech Rep.,Syrian Arab Rep.,2015,May,11
Czech Rep.,Syrian Arab Rep.,2015,June,12
Czech Rep.,Syrian Arab Rep.,2015,July,7
Czech Rep.,Syrian Arab Rep.,2015,August,8
Czech Rep.,Syrian Arab Rep.,2015,September,*
Czech Rep.,Syrian Arab Rep.,2015,October,38
Czech Rep.,Syrian Arab Rep.,2015,November,11
Czech Rep.,Syrian Arab Rep.,2015,December,12
Denmark,Syrian Arab Rep.,2011,January,42
Denmark,Syrian Arab Rep.,2011,February,17
Denmark,Syrian Arab Rep.,2011,March,28
Denmark,Syrian Arab Rep.,2011,April,26
Denmark,Syrian Arab Rep.,2011,May,15
Denmark,Syrian Arab Rep.,2011,June,33
Denmark,Syrian Arab Rep.,2011,July,18
Denmark,Syrian Arab Rep.,2011,August,45
Denmark,Syrian Arab Rep.,2011,September,50
Denmark,Syrian Arab Rep.,2011,October,47
Denmark,Syrian Arab Rep.,2011,November,53
Denmark,Syrian Arab Rep.,2011,December,54
Denmark,Syrian Arab Rep.,2012,January,74
Denmark,Syrian Arab Rep.,2012,February,52
Denmark,Syrian Arab Rep.,2012,March,94
Denmark,Syrian Arab Rep.,2012,April,61
Denmark,Syrian Arab Rep.,2012,May,50
Denmark,Syrian Arab Rep.,2012,June,69
Denmark,Syrian Arab Rep.,2012,July,108
Denmark,Syrian Arab Rep.,2012,August,105
Denmark,Syrian Arab Rep.,2012,September,62
Denmark,Syrian Arab Rep.,2012,October,77
Denmark,Syrian Arab Rep.,2012,November,91
Denmark,Syrian Arab Rep.,2012,December,64
Denmark,Syrian Arab Rep.,2013,January,115
Denmark,Syrian Arab Rep.,2013,February,67
Denmark,Syrian Arab Rep.,2013,March,82
Denmark,Syrian Arab Rep.,2013,April,99
Denmark,Syrian Arab Rep.,2013,May,93
Denmark,Syrian Arab Rep.,2013,June,129
Denmark,Syrian Arab Rep.,2013,July,173
Denmark,Syrian Arab Rep.,2013,August,155
Denmark,Syrian Arab Rep.,2013,September,180
Denmark,Syrian Arab Rep.,2013,October,242
Denmark,Syrian Arab Rep.,2013,November,210
Denmark,Syrian Arab Rep.,2013,December,157
Denmark,Syrian Arab Rep.,2014,January,159
Denmark,Syrian Arab Rep.,2014,February,143
Denmark,Syrian Arab Rep.,2014,March,185
Denmark,Syrian Arab Rep.,2014,April,202
Denmark,Syrian Arab Rep.,2014,May,273
Denmark,Syrian Arab Rep.,2014,June,426
Denmark,Syrian Arab Rep.,2014,July,793
Denmark,Syrian Arab Rep.,2014,August,1143
Denmark,Syrian Arab Rep.,2014,September,1965
Denmark,Syrian Arab Rep.,2014,October,910
Denmark,Syrian Arab Rep.,2014,November,583
Denmark,Syrian Arab Rep.,2014,December,403
Denmark,Syrian Arab Rep.,2015,January,308
Denmark,Syrian Arab Rep.,2015,February,153
Denmark,Syrian Arab Rep.,2015,March,152
Denmark,Syrian Arab Rep.,2015,April,242
Denmark,Syrian Arab Rep.,2015,May,324
Denmark,Syrian Arab Rep.,2015,June,482
Denmark,Syrian Arab Rep.,2015,July,489
Denmark,Syrian Arab Rep.,2015,August,943
Denmark,Syrian Arab Rep.,2015,September,1286
Denmark,Syrian Arab Rep.,2015,October,1467
Denmark,Syrian Arab Rep.,2015,November,1932
Estonia,Syrian Arab Rep.,2012,August,4
Estonia,Syrian Arab Rep.,2013,May,1
Estonia,Syrian Arab Rep.,2013,July,5
Estonia,Syrian Arab Rep.,2013,September,1
Estonia,Syrian Arab Rep.,2013,October,1
Estonia,Syrian Arab Rep.,2013,November,7
Estonia,Syrian Arab Rep.,2013,December,2
Estonia,Syrian Arab Rep.,2014,April,*
Estonia,Syrian Arab Rep.,2014,September,*
Estonia,Syrian Arab Rep.,2015,March,*
Estonia,Syrian Arab Rep.,2015,April,8
Estonia,Syrian Arab Rep.,2015,May,*
Estonia,Syrian Arab Rep.,2015,June,*
Estonia,Syrian Arab Rep.,2015,August,*
Finland,Syrian Arab Rep.,2011,January,1
Finland,Syrian Arab Rep.,2011,February,10
Finland,Syrian Arab Rep.,2011,March,3
Finland,Syrian Arab Rep.,2011,April,2
Finland,Syrian Arab Rep.,2011,May,3
Finland,Syrian Arab Rep.,2011,June,11
Finland,Syrian Arab Rep.,2011,July,3
Finland,Syrian Arab Rep.,2011,August,13
Finland,Syrian Arab Rep.,2011,September,12
Finland,Syrian Arab Rep.,2011,October,13
Finland,Syrian Arab Rep.,2011,November,4
Finland,Syrian Arab Rep.,2011,December,34
Finland,Syrian Arab Rep.,2012,January,19
Finland,Syrian Arab Rep.,2012,February,6
Finland,Syrian Arab Rep.,2012,March,22
Finland,Syrian Arab Rep.,2012,April,6
Finland,Syrian Arab Rep.,2012,May,12
Finland,Syrian Arab Rep.,2012,June,14
Finland,Syrian Arab Rep.,2012,July,14
Finland,Syrian Arab Rep.,2012,August,14
Finland,Syrian Arab Rep.,2012,September,29
Finland,Syrian Arab Rep.,2012,October,23
Finland,Syrian Arab Rep.,2012,November,12
Finland,Syrian Arab Rep.,2012,December,9
Finland,Syrian Arab Rep.,2013,January,5
Finland,Syrian Arab Rep.,2013,February,9
Finland,Syrian Arab Rep.,2013,March,6
Finland,Syrian Arab Rep.,2013,April,13
Finland,Syrian Arab Rep.,2013,May,5
Finland,Syrian Arab Rep.,2013,June,3
Finland,Syrian Arab Rep.,2013,July,10
Finland,Syrian Arab Rep.,2013,August,18
Finland,Syrian Arab Rep.,2013,September,25
Finland,Syrian Arab Rep.,2013,October,14
Finland,Syrian Arab Rep.,2013,November,26
Finland,Syrian Arab Rep.,2013,December,14
Finland,Syrian Arab Rep.,2014,January,16
Finland,Syrian Arab Rep.,2014,February,12
Finland,Syrian Arab Rep.,2014,March,15
Finland,Syrian Arab Rep.,2014,April,8
Finland,Syrian Arab Rep.,2014,May,7
Finland,Syrian Arab Rep.,2014,June,6
Finland,Syrian Arab Rep.,2014,July,14
Finland,Syrian Arab Rep.,2014,August,15
Finland,Syrian Arab Rep.,2014,September,16
Finland,Syrian Arab Rep.,2014,October,14
Finland,Syrian Arab Rep.,2014,November,9
Finland,Syrian Arab Rep.,2014,December,14
Finland,Syrian Arab Rep.,2015,January,17
Finland,Syrian Arab Rep.,2015,February,13
Finland,Syrian Arab Rep.,2015,March,10
Finland,Syrian Arab Rep.,2015,April,13
Finland,Syrian Arab Rep.,2015,May,12
Finland,Syrian Arab Rep.,2015,June,22
Finland,Syrian Arab Rep.,2015,July,31
Finland,Syrian Arab Rep.,2015,August,73
Finland,Syrian Arab Rep.,2015,September,193
Finland,Syrian Arab Rep.,2015,October,174
France,Syrian Arab Rep.,2011,January,3
France,Syrian Arab Rep.,2011,February,1
France,Syrian Arab Rep.,2011,March,5
France,Syrian Arab Rep.,2011,April,3
France,Syrian Arab Rep.,2011,May,7
France,Syrian Arab Rep.,2011,June,7
France,Syrian Arab Rep.,2011,July,10
France,Syrian Arab Rep.,2011,August,10
France,Syrian Arab Rep.,2011,September,12
France,Syrian Arab Rep.,2011,October,25
France,Syrian Arab Rep.,2011,November,15
France,Syrian Arab Rep.,2011,December,21
France,Syrian Arab Rep.,2012,January,34
France,Syrian Arab Rep.,2012,February,29
France,Syrian Arab Rep.,2012,March,42
France,Syrian Arab Rep.,2012,April,47
France,Syrian Arab Rep.,2012,May,33
France,Syrian Arab Rep.,2012,June,27
France,Syrian Arab Rep.,2012,July,44
France,Syrian Arab Rep.,2012,August,54
France,Syrian Arab Rep.,2012,September,51
France,Syrian Arab Rep.,2012,October,79
France,Syrian Arab Rep.,2012,November,86
France,Syrian Arab Rep.,2012,December,103
France,Syrian Arab Rep.,2013,January,79
France,Syrian Arab Rep.,2013,February,114
France,Syrian Arab Rep.,2013,March,125
France,Syrian Arab Rep.,2013,April,94
France,Syrian Arab Rep.,2013,May,95
France,Syrian Arab Rep.,2013,June,96
France,Syrian Arab Rep.,2013,July,95
France,Syrian Arab Rep.,2013,August,70
France,Syrian Arab Rep.,2013,September,93
France,Syrian Arab Rep.,2013,October,180
France,Syrian Arab Rep.,2013,November,142
France,Syrian Arab Rep.,2013,December,120
France,Syrian Arab Rep.,2014,January,155
France,Syrian Arab Rep.,2014,February,224
France,Syrian Arab Rep.,2014,March,391
France,Syrian Arab Rep.,2014,April,223
France,Syrian Arab Rep.,2014,May,228
France,Syrian Arab Rep.,2014,June,216
France,Syrian Arab Rep.,2014,July,231
France,Syrian Arab Rep.,2014,August,162
France,Syrian Arab Rep.,2014,September,458
France,Syrian Arab Rep.,2014,October,385
France,Syrian Arab Rep.,2014,November,184
France,Syrian Arab Rep.,2014,December,272
France,Syrian Arab Rep.,2015,January,169
France,Syrian Arab Rep.,2015,February,307
France,Syrian Arab Rep.,2015,March,470
France,Syrian Arab Rep.,2015,April,378
France,Syrian Arab Rep.,2015,May,210
France,Syrian Arab Rep.,2015,June,332
France,Syrian Arab Rep.,2015,July,237
France,Syrian Arab Rep.,2015,August,322
France,Syrian Arab Rep.,2015,September,774
France,Syrian Arab Rep.,2015,October,666
France,Syrian Arab Rep.,2015,November,650
France,Syrian Arab Rep.,2015,December,595
United Kingdom of Great Britain and Northern Ireland,Syrian Arab Rep.,2011,January,6
United Kingdom of Great Britain and Northern Ireland,Syrian Arab Rep.,2011,February,12
United Kingdom of Great Britain and Northern Ireland,Syrian Arab Rep.,2011,March,19
United Kingdom of Great Britain and Northern Ireland,Syrian Arab Rep.,2011,April,12
United Kingdom of Great Britain and Northern Ireland,Syrian Arab Rep.,2011,May,23
United Kingdom of Great Britain and Northern Ireland,Syrian Arab Rep.,2011,June,29
United Kingdom of Great Britain and Northern Ireland,Syrian Arab Rep.,2011,July,64
United Kingdom of Great Britain and Northern Ireland,Syrian Arab Rep.,2011,August,66
United Kingdom of Great Britain and Northern Ireland,Syrian Arab Rep.,2011,September,70
United Kingdom of Great Britain and Northern Ireland,Syrian Arab Rep.,2011,October,46
United Kingdom of Great Britain and Northern Ireland,Syrian Arab Rep.,2011,November,70
United Kingdom of Great Britain and Northern Ireland,Syrian Arab Rep.,2011,December,91
United Kingdom of Great Britain and Northern Ireland,Syrian Arab Rep.,2012,January,71
United Kingdom of Great Britain and Northern Ireland,Syrian Arab Rep.,2012,February,48
United Kingdom of Great Britain and Northern Ireland,Syrian Arab Rep.,2012,March,70
United Kingdom of Great Britain and Northern Ireland,Syrian Arab Rep.,2012,April,64
United Kingdom of Great Britain and Northern Ireland,Syrian Arab Rep.,2012,May,84
United Kingdom of Great Britain and Northern Ireland,Syrian Arab Rep.,2012,June,67
United Kingdom of Great Britain and Northern Ireland,Syrian Arab Rep.,2012,July,125
United Kingdom of Great Britain and Northern Ireland,Syrian Arab Rep.,2012,August,128
United Kingdom of Great Britain and Northern Ireland,Syrian Arab Rep.,2012,September,199
United Kingdom of Great Britain and Northern Ireland,Syrian Arab Rep.,2012,October,157
United Kingdom of Great Britain and Northern Ireland,Syrian Arab Rep.,2012,November,139
United Kingdom of Great Britain and Northern Ireland,Syrian Arab Rep.,2012,December,137
United Kingdom of Great Britain and Northern Ireland,Syrian Arab Rep.,2013,January,159
United Kingdom of Great Britain and Northern Ireland,Syrian Arab Rep.,2013,February,131
United Kingdom of Great Britain and Northern Ireland,Syrian Arab Rep.,2013,March,121
United Kingdom of Great Britain and Northern Ireland,Syrian Arab Rep.,2013,April,157
United Kingdom of Great Britain and Northern Ireland,Syrian Arab Rep.,2013,May,126
United Kingdom of Great Britain and Northern Ireland,Syrian Arab Rep.,2013,June,171
United Kingdom of Great Britain and Northern Ireland,Syrian Arab Rep.,2013,July,224
United Kingdom of Great Britain and Northern Ireland,Syrian Arab Rep.,2013,August,202
United Kingdom of Great Britain and Northern Ireland,Syrian Arab Rep.,2013,September,205
United Kingdom of Great Britain and Northern Ireland,Syrian Arab Rep.,2013,October,176
United Kingdom of Great Britain and Northern Ireland,Syrian Arab Rep.,2013,November,186
United Kingdom of Great Britain and Northern Ireland,Syrian Arab Rep.,2013,December,162
United Kingdom of Great Britain and Northern Ireland,Syrian Arab Rep.,2014,January,151
United Kingdom of Great Britain and Northern Ireland,Syrian Arab Rep.,2014,February,129
United Kingdom of Great Britain and Northern Ireland,Syrian Arab Rep.,2014,March,162
United Kingdom of Great Britain and Northern Ireland,Syrian Arab Rep.,2014,April,126
United Kingdom of Great Britain and Northern Ireland,Syrian Arab Rep.,2014,May,133
United Kingdom of Great Britain and Northern Ireland,Syrian Arab Rep.,2014,June,176
United Kingdom of Great Britain and Northern Ireland,Syrian Arab Rep.,2014,July,185
United Kingdom of Great Britain and Northern Ireland,Syrian Arab Rep.,2014,August,237
United Kingdom of Great Britain and Northern Ireland,Syrian Arab Rep.,2014,September,255
United Kingdom of Great Britain and Northern Ireland,Syrian Arab Rep.,2014,October,303
United Kingdom of Great Britain and Northern Ireland,Syrian Arab Rep.,2014,November,244
United Kingdom of Great Britain and Northern Ireland,Syrian Arab Rep.,2014,December,252
United Kingdom of Great Britain and Northern Ireland,Syrian Arab Rep.,2015,January,258
United Kingdom of Great Britain and Northern Ireland,Syrian Arab Rep.,2015,February,167
United Kingdom of Great Britain and Northern Ireland,Syrian Arab Rep.,2015,March,160
United Kingdom of Great Britain and Northern Ireland,Syrian Arab Rep.,2015,April,110
United Kingdom of Great Britain and Northern Ireland,Syrian Arab Rep.,2015,May,139
United Kingdom of Great Britain and Northern Ireland,Syrian Arab Rep.,2015,June,166
United Kingdom of Great Britain and Northern Ireland,Syrian Arab Rep.,2015,July,314
United Kingdom of Great Britain and Northern Ireland,Syrian Arab Rep.,2015,August,225
United Kingdom of Great Britain and Northern Ireland,Syrian Arab Rep.,2015,September,325
United Kingdom of Great Britain and Northern Ireland,Syrian Arab Rep.,2015,October,530
United Kingdom of Great Britain and Northern Ireland,Syrian Arab Rep.,2015,November,265
Germany,Syrian Arab Rep.,2011,January,154
Germany,Syrian Arab Rep.,2011,February,159
Germany,Syrian Arab Rep.,2011,March,176
Germany,Syrian Arab Rep.,2011,April,169
Germany,Syrian Arab Rep.,2011,May,247
Germany,Syrian Arab Rep.,2011,June,186
Germany,Syrian Arab Rep.,2011,July,211
Germany,Syrian Arab Rep.,2011,August,316
Germany,Syrian Arab Rep.,2011,September,306
Germany,Syrian Arab Rep.,2011,October,214
Germany,Syrian Arab Rep.,2011,November,286
Germany,Syrian Arab Rep.,2011,December,210
Germany,Syrian Arab Rep.,2012,January,210
Germany,Syrian Arab Rep.,2012,February,230
Germany,Syrian Arab Rep.,2012,March,167
Germany,Syrian Arab Rep.,2012,April,248
Germany,Syrian Arab Rep.,2012,May,376
Germany,Syrian Arab Rep.,2012,June,401
Germany,Syrian Arab Rep.,2012,July,644
Germany,Syrian Arab Rep.,2012,August,688
Germany,Syrian Arab Rep.,2012,September,744
Germany,Syrian Arab Rep.,2012,October,904
Germany,Syrian Arab Rep.,2012,November,1001
Germany,Syrian Arab Rep.,2012,December,588
Germany,Syrian Arab Rep.,2013,January,1047
Germany,Syrian Arab Rep.,2013,February,709
Germany,Syrian Arab Rep.,2013,March,555
Germany,Syrian Arab Rep.,2013,April,689
Germany,Syrian Arab Rep.,2013,May,731
Germany,Syrian Arab Rep.,2013,June,737
Germany,Syrian Arab Rep.,2013,July,1030
Germany,Syrian Arab Rep.,2013,August,1010
Germany,Syrian Arab Rep.,2013,September,1246
Germany,Syrian Arab Rep.,2013,October,1641
Germany,Syrian Arab Rep.,2013,November,1485
Germany,Syrian Arab Rep.,2013,December,971
Germany,Syrian Arab Rep.,2014,January,1650
Germany,Syrian Arab Rep.,2014,February,1781
Germany,Syrian Arab Rep.,2014,March,1746
Germany,Syrian Arab Rep.,2014,April,1739
Germany,Syrian Arab Rep.,2014,May,2523
Germany,Syrian Arab Rep.,2014,June,2702
Germany,Syrian Arab Rep.,2014,July,3723
Germany,Syrian Arab Rep.,2014,August,3639
Germany,Syrian Arab Rep.,2014,September,4502
Germany,Syrian Arab Rep.,2014,October,5219
Germany,Syrian Arab Rep.,2014,November,5198
Germany,Syrian Arab Rep.,2014,December,4910
Germany,Syrian Arab Rep.,2015,January,5973
Germany,Syrian Arab Rep.,2015,February,4548
Germany,Syrian Arab Rep.,2015,March,4895
Germany,Syrian Arab Rep.,2015,April,4680
Germany,Syrian Arab Rep.,2015,May,5280
Germany,Syrian Arab Rep.,2015,June,7849
Germany,Syrian Arab Rep.,2015,July,9800
Germany,Syrian Arab Rep.,2015,August,11218
Germany,Syrian Arab Rep.,2015,September,18085
Germany,Syrian Arab Rep.,2015,October,30216
Germany,Syrian Arab Rep.,2015,November,30863
Germany,Syrian Arab Rep.,2015,December,25250
Greece,Syrian Arab Rep.,2011,January,22
Greece,Syrian Arab Rep.,2011,February,43
Greece,Syrian Arab Rep.,2011,March,28
Greece,Syrian Arab Rep.,2011,April,9
Greece,Syrian Arab Rep.,2011,May,22
Greece,Syrian Arab Rep.,2011,June,17
Greece,Syrian Arab Rep.,2011,July,69
Greece,Syrian Arab Rep.,2011,August,21
Greece,Syrian Arab Rep.,2011,September,46
Greece,Syrian Arab Rep.,2011,October,18
Greece,Syrian Arab Rep.,2011,November,26
Greece,Syrian Arab Rep.,2011,December,31
Greece,Syrian Arab Rep.,2012,January,9
Greece,Syrian Arab Rep.,2012,February,38
Greece,Syrian Arab Rep.,2012,March,9
Greece,Syrian Arab Rep.,2012,April,12
Greece,Syrian Arab Rep.,2012,May,17
Greece,Syrian Arab Rep.,2012,June,10
Greece,Syrian Arab Rep.,2012,July,22
Greece,Syrian Arab Rep.,2012,August,12
Greece,Syrian Arab Rep.,2012,September,28
Greece,Syrian Arab Rep.,2012,October,57
Greece,Syrian Arab Rep.,2012,November,43
Greece,Syrian Arab Rep.,2012,December,18
Greece,Syrian Arab Rep.,2013,January,35
Greece,Syrian Arab Rep.,2013,February,46
Greece,Syrian Arab Rep.,2013,March,63
Greece,Syrian Arab Rep.,2013,April,51
Greece,Syrian Arab Rep.,2013,May,32
Greece,Syrian Arab Rep.,2013,June,34
Greece,Syrian Arab Rep.,2013,July,38
Greece,Syrian Arab Rep.,2013,August,33
Greece,Syrian Arab Rep.,2013,September,32
Greece,Syrian Arab Rep.,2013,October,38
Greece,Syrian Arab Rep.,2013,November,50
Greece,Syrian Arab Rep.,2013,December,33
Greece,Syrian Arab Rep.,2014,January,57
Greece,Syrian Arab Rep.,2014,February,42
Greece,Syrian Arab Rep.,2014,March,62
Greece,Syrian Arab Rep.,2014,April,68
Greece,Syrian Arab Rep.,2014,May,42
Greece,Syrian Arab Rep.,2014,June,29
Greece,Syrian Arab Rep.,2014,July,42
Greece,Syrian Arab Rep.,2014,August,33
Greece,Syrian Arab Rep.,2014,September,57
Greece,Syrian Arab Rep.,2014,October,95
Greece,Syrian Arab Rep.,2014,November,74
Greece,Syrian Arab Rep.,2014,December,190
Greece,Syrian Arab Rep.,2015,January,235
Greece,Syrian Arab Rep.,2015,February,225
Greece,Syrian Arab Rep.,2015,March,222
Greece,Syrian Arab Rep.,2015,April,253
Greece,Syrian Arab Rep.,2015,May,336
Greece,Syrian Arab Rep.,2015,June,375
Greece,Syrian Arab Rep.,2015,July,410
Greece,Syrian Arab Rep.,2015,August,334
Greece,Syrian Arab Rep.,2015,September,245
Greece,Syrian Arab Rep.,2015,October,180
Greece,Syrian Arab Rep.,2015,November,237
Greece,Syrian Arab Rep.,2015,December,267
Croatia,Syrian Arab Rep.,2011,January,5
Croatia,Syrian Arab Rep.,2011,June,2
Croatia,Syrian Arab Rep.,2011,October,2
Croatia,Syrian Arab Rep.,2012,January,1
Croatia,Syrian Arab Rep.,2012,February,4
Croatia,Syrian Arab Rep.,2012,April,5
Croatia,Syrian Arab Rep.,2012,May,8
Croatia,Syrian Arab Rep.,2012,June,1
Croatia,Syrian Arab Rep.,2012,July,3
Croatia,Syrian Arab Rep.,2012,August,4
Croatia,Syrian Arab Rep.,2012,September,14
Croatia,Syrian Arab Rep.,2012,October,12
Croatia,Syrian Arab Rep.,2012,November,15
Croatia,Syrian Arab Rep.,2012,December,19
Croatia,Syrian Arab Rep.,2013,January,26
Croatia,Syrian Arab Rep.,2013,February,13
Croatia,Syrian Arab Rep.,2013,March,26
Croatia,Syrian Arab Rep.,2013,April,14
Croatia,Syrian Arab Rep.,2013,May,20
Croatia,Syrian Arab Rep.,2013,June,6
Croatia,Syrian Arab Rep.,2013,July,4
Croatia,Syrian Arab Rep.,2013,August,10
Croatia,Syrian Arab Rep.,2013,September,31
Croatia,Syrian Arab Rep.,2013,October,35
Croatia,Syrian Arab Rep.,2013,November,6
Croatia,Syrian Arab Rep.,2013,December,3
Croatia,Syrian Arab Rep.,2014,January,*
Croatia,Syrian Arab Rep.,2014,February,8
Croatia,Syrian Arab Rep.,2014,March,5
Croatia,Syrian Arab Rep.,2014,April,7
Croatia,Syrian Arab Rep.,2014,May,*
Croatia,Syrian Arab Rep.,2014,June,7
Croatia,Syrian Arab Rep.,2014,July,6
Croatia,Syrian Arab Rep.,2014,September,10
Croatia,Syrian Arab Rep.,2014,October,*
Croatia,Syrian Arab Rep.,2014,November,*
Croatia,Syrian Arab Rep.,2014,December,*
Croatia,Syrian Arab Rep.,2015,January,6
Croatia,Syrian Arab Rep.,2015,February,7
Croatia,Syrian Arab Rep.,2015,March,*
Croatia,Syrian Arab Rep.,2015,August,*
Croatia,Syrian Arab Rep.,2015,September,6
Croatia,Syrian Arab Rep.,2015,October,*
Croatia,Syrian Arab Rep.,2015,November,*
Croatia,Syrian Arab Rep.,2015,December,*
Hungary,Syrian Arab Rep.,2011,January,6
Hungary,Syrian Arab Rep.,2011,March,9
Hungary,Syrian Arab Rep.,2011,April,12
Hungary,Syrian Arab Rep.,2011,May,1
Hungary,Syrian Arab Rep.,2011,June,4
Hungary,Syrian Arab Rep.,2011,July,1
Hungary,Syrian Arab Rep.,2011,August,5
Hungary,Syrian Arab Rep.,2011,September,4
Hungary,Syrian Arab Rep.,2011,October,15
Hungary,Syrian Arab Rep.,2011,November,29
Hungary,Syrian Arab Rep.,2011,December,5
Hungary,Syrian Arab Rep.,2012,January,10
Hungary,Syrian Arab Rep.,2012,February,9
Hungary,Syrian Arab Rep.,2012,March,2
Hungary,Syrian Arab Rep.,2012,April,3
Hungary,Syrian Arab Rep.,2012,May,8
Hungary,Syrian Arab Rep.,2012,June,4
Hungary,Syrian Arab Rep.,2012,July,17
Hungary,Syrian Arab Rep.,2012,August,16
Hungary,Syrian Arab Rep.,2012,September,9
Hungary,Syrian Arab Rep.,2012,October,20
Hungary,Syrian Arab Rep.,2012,November,39
Hungary,Syrian Arab Rep.,2012,December,8
Hungary,Syrian Arab Rep.,2013,January,39
Hungary,Syrian Arab Rep.,2013,February,42
Hungary,Syrian Arab Rep.,2013,March,72
Hungary,Syrian Arab Rep.,2013,April,65
Hungary,Syrian Arab Rep.,2013,May,78
Hungary,Syrian Arab Rep.,2013,June,93
Hungary,Syrian Arab Rep.,2013,July,101
Hungary,Syrian Arab Rep.,2013,August,72
Hungary,Syrian Arab Rep.,2013,September,89
Hungary,Syrian Arab Rep.,2013,October,72
Hungary,Syrian Arab Rep.,2013,November,110
Hungary,Syrian Arab Rep.,2013,December,127
Hungary,Syrian Arab Rep.,2014,January,289
Hungary,Syrian Arab Rep.,2014,February,216
Hungary,Syrian Arab Rep.,2014,March,110
Hungary,Syrian Arab Rep.,2014,April,165
Hungary,Syrian Arab Rep.,2014,May,120
Hungary,Syrian Arab Rep.,2014,June,229
Hungary,Syrian Arab Rep.,2014,July,505
Hungary,Syrian Arab Rep.,2014,August,554
Hungary,Syrian Arab Rep.,2014,September,1064
Hungary,Syrian Arab Rep.,2014,October,1483
Hungary,Syrian Arab Rep.,2014,November,1511
Hungary,Syrian Arab Rep.,2014,December,503
Hungary,Syrian Arab Rep.,2015,January,535
Hungary,Syrian Arab Rep.,2015,February,613
Hungary,Syrian Arab Rep.,2015,March,1263
Hungary,Syrian Arab Rep.,2015,April,1752
Hungary,Syrian Arab Rep.,2015,May,2034
Hungary,Syrian Arab Rep.,2015,June,4650
Hungary,Syrian Arab Rep.,2015,July,12346
Hungary,Syrian Arab Rep.,2015,August,23002
Hungary,Syrian Arab Rep.,2015,September,17720
Hungary,Syrian Arab Rep.,2015,October,122
Hungary,Syrian Arab Rep.,2015,November,32
Hungary,Syrian Arab Rep.,2015,December,5
Iceland,Syrian Arab Rep.,2011,April,1
Iceland,Syrian Arab Rep.,2012,July,1
Iceland,Syrian Arab Rep.,2012,August,2
Iceland,Syrian Arab Rep.,2013,April,5
Iceland,Syrian Arab Rep.,2014,August,5
Iceland,Syrian Arab Rep.,2015,January,*
Iceland,Syrian Arab Rep.,2015,February,*
Iceland,Syrian Arab Rep.,2015,April,*
Iceland,Syrian Arab Rep.,2015,May,*
Iceland,Syrian Arab Rep.,2015,June,*
Iceland,Syrian Arab Rep.,2015,July,*
Iceland,Syrian Arab Rep.,2015,August,6
Iceland,Syrian Arab Rep.,2015,September,7
Iceland,Syrian Arab Rep.,2015,October,*
Iceland,Syrian Arab Rep.,2015,November,*
Iceland,Syrian Arab Rep.,2015,December,*
Ireland,Syrian Arab Rep.,2011,July,2
Ireland,Syrian Arab Rep.,2011,September,2
Ireland,Syrian Arab Rep.,2011,October,1
Ireland,Syrian Arab Rep.,2011,December,4
Ireland,Syrian Arab Rep.,2012,February,1
Ireland,Syrian Arab Rep.,2012,March,2
Ireland,Syrian Arab Rep.,2012,June,1
Ireland,Syrian Arab Rep.,2012,July,1
Ireland,Syrian Arab Rep.,2012,August,5
Ireland,Syrian Arab Rep.,2012,September,2
Ireland,Syrian Arab Rep.,2012,November,1
Ireland,Syrian Arab Rep.,2012,December,1
Ireland,Syrian Arab Rep.,2013,January,3
Ireland,Syrian Arab Rep.,2013,February,9
Ireland,Syrian Arab Rep.,2013,March,10
Ireland,Syrian Arab Rep.,2013,April,2
Ireland,Syrian Arab Rep.,2013,May,2
Ireland,Syrian Arab Rep.,2013,July,2
Ireland,Syrian Arab Rep.,2013,September,6
Ireland,Syrian Arab Rep.,2013,October,1
Ireland,Syrian Arab Rep.,2013,November,1
Ireland,Syrian Arab Rep.,2013,December,1
Ireland,Syrian Arab Rep.,2014,January,5
Ireland,Syrian Arab Rep.,2014,February,*
Ireland,Syrian Arab Rep.,2014,April,*
Ireland,Syrian Arab Rep.,2014,May,*
Ireland,Syrian Arab Rep.,2014,June,*
Ireland,Syrian Arab Rep.,2014,July,*
Ireland,Syrian Arab Rep.,2014,August,*
Ireland,Syrian Arab Rep.,2014,September,*
Ireland,Syrian Arab Rep.,2014,October,*
Ireland,Syrian Arab Rep.,2014,November,*
Ireland,Syrian Arab Rep.,2014,December,*
Ireland,Syrian Arab Rep.,2015,March,*
Ireland,Syrian Arab Rep.,2015,April,*
Ireland,Syrian Arab Rep.,2015,May,11
Ireland,Syrian Arab Rep.,2015,June,*
Ireland,Syrian Arab Rep.,2015,July,6
Ireland,Syrian Arab Rep.,2015,August,6
Ireland,Syrian Arab Rep.,2015,September,21
Ireland,Syrian Arab Rep.,2015,October,8
Ireland,Syrian Arab Rep.,2015,November,7
Italy,Syrian Arab Rep.,2011,January,28
Italy,Syrian Arab Rep.,2011,February,4
Italy,Syrian Arab Rep.,2011,March,14
Italy,Syrian Arab Rep.,2011,April,37
Italy,Syrian Arab Rep.,2011,May,26
Italy,Syrian Arab Rep.,2011,June,34
Italy,Syrian Arab Rep.,2011,July,99
Italy,Syrian Arab Rep.,2011,August,173
Italy,Syrian Arab Rep.,2011,September,41
Italy,Syrian Arab Rep.,2011,October,26
Italy,Syrian Arab Rep.,2011,November,27
Italy,Syrian Arab Rep.,2011,December,32
Italy,Syrian Arab Rep.,2012,January,13
Italy,Syrian Arab Rep.,2012,February,11
Italy,Syrian Arab Rep.,2012,March,17
Italy,Syrian Arab Rep.,2012,April,8
Italy,Syrian Arab Rep.,2012,May,17
Italy,Syrian Arab Rep.,2012,June,15
Italy,Syrian Arab Rep.,2012,July,38
Italy,Syrian Arab Rep.,2012,August,25
Italy,Syrian Arab Rep.,2012,September,49
Italy,Syrian Arab Rep.,2012,October,35
Italy,Syrian Arab Rep.,2012,November,88
Italy,Syrian Arab Rep.,2012,December,38
Italy,Syrian Arab Rep.,2013,January,70
Italy,Syrian Arab Rep.,2013,February,27
Italy,Syrian Arab Rep.,2013,March,86
Italy,Syrian Arab Rep.,2013,April,38
Italy,Syrian Arab Rep.,2013,May,44
Italy,Syrian Arab Rep.,2013,June,54
Italy,Syrian Arab Rep.,2013,July,57
Italy,Syrian Arab Rep.,2013,August,43
Italy,Syrian Arab Rep.,2013,September,55
Italy,Syrian Arab Rep.,2013,October,101
Italy,Syrian Arab Rep.,2013,November,43
Italy,Syrian Arab Rep.,2013,December,16
Italy,Syrian Arab Rep.,2014,January,49
Italy,Syrian Arab Rep.,2014,February,35
Italy,Syrian Arab Rep.,2014,March,84
Italy,Syrian Arab Rep.,2014,April,35
Italy,Syrian Arab Rep.,2014,May,48
Italy,Syrian Arab Rep.,2014,June,39
Italy,Syrian Arab Rep.,2014,July,53
Italy,Syrian Arab Rep.,2014,August,28
Italy,Syrian Arab Rep.,2014,September,32
Italy,Syrian Arab Rep.,2014,October,46
Italy,Syrian Arab Rep.,2014,November,35
Italy,Syrian Arab Rep.,2014,December,20
Italy,Syrian Arab Rep.,2015,January,32
Italy,Syrian Arab Rep.,2015,February,25
Italy,Syrian Arab Rep.,2015,March,26
Italy,Syrian Arab Rep.,2015,April,36
Italy,Syrian Arab Rep.,2015,May,13
Italy,Syrian Arab Rep.,2015,June,24
Italy,Syrian Arab Rep.,2015,July,25
Italy,Syrian Arab Rep.,2015,August,15
Italy,Syrian Arab Rep.,2015,September,168
Italy,Syrian Arab Rep.,2015,October,66
Italy,Syrian Arab Rep.,2015,November,34
Japan,Syrian Arab Rep.,2011,November,1
Japan,Syrian Arab Rep.,2011,December,1
Japan,Syrian Arab Rep.,2012,February,1
Japan,Syrian Arab Rep.,2012,April,1
Japan,Syrian Arab Rep.,2012,June,2
Japan,Syrian Arab Rep.,2012,July,1
Japan,Syrian Arab Rep.,2012,August,4
Japan,Syrian Arab Rep.,2012,September,5
Japan,Syrian Arab Rep.,2012,October,8
Japan,Syrian Arab Rep.,2012,December,4
Japan,Syrian Arab Rep.,2013,January,4
Japan,Syrian Arab Rep.,2013,February,3
Japan,Syrian Arab Rep.,2013,May,1
Japan,Syrian Arab Rep.,2013,June,1
Japan,Syrian Arab Rep.,2013,July,1
Japan,Syrian Arab Rep.,2013,August,1
Japan,Syrian Arab Rep.,2013,September,4
Japan,Syrian Arab Rep.,2013,October,7
Japan,Syrian Arab Rep.,2013,November,1
Japan,Syrian Arab Rep.,2013,December,1
Japan,Syrian Arab Rep.,2014,June,*
Japan,Syrian Arab Rep.,2014,July,*
Japan,Syrian Arab Rep.,2014,September,*
Japan,Syrian Arab Rep.,2014,October,*
Japan,Syrian Arab Rep.,2014,November,*
Japan,Syrian Arab Rep.,2015,January,*
Japan,Syrian Arab Rep.,2015,April,*
Japan,Syrian Arab Rep.,2015,October,*
Rep. of Korea,Syrian Arab Rep.,2011,March,2
Rep. of Korea,Syrian Arab Rep.,2012,March,5
Rep. of Korea,Syrian Arab Rep.,2012,April,2
Rep. of Korea,Syrian Arab Rep.,2012,May,8
Rep. of Korea,Syrian Arab Rep.,2012,June,6
Rep. of Korea,Syrian Arab Rep.,2012,July,8
Rep. of Korea,Syrian Arab Rep.,2012,August,16
Rep. of Korea,Syrian Arab Rep.,2012,September,29
Rep. of Korea,Syrian Arab Rep.,2012,October,19
Rep. of Korea,Syrian Arab Rep.,2012,November,27
Rep. of Korea,Syrian Arab Rep.,2012,December,26
Rep. of Korea,Syrian Arab Rep.,2013,January,33
Rep. of Korea,Syrian Arab Rep.,2013,February,27
Rep. of Korea,Syrian Arab Rep.,2013,March,17
Rep. of Korea,Syrian Arab Rep.,2013,April,25
Rep. of Korea,Syrian Arab Rep.,2013,May,26
Rep. of Korea,Syrian Arab Rep.,2013,June,17
Rep. of Korea,Syrian Arab Rep.,2013,July,16
Rep. of Korea,Syrian Arab Rep.,2013,August,16
Rep. of Korea,Syrian Arab Rep.,2013,September,33
Rep. of Korea,Syrian Arab Rep.,2013,October,45
Rep. of Korea,Syrian Arab Rep.,2013,November,18
Rep. of Korea,Syrian Arab Rep.,2013,December,22
Rep. of Korea,Syrian Arab Rep.,2014,January,17
Rep. of Korea,Syrian Arab Rep.,2014,February,20
Rep. of Korea,Syrian Arab Rep.,2014,March,13
Rep. of Korea,Syrian Arab Rep.,2014,April,26
Rep. of Korea,Syrian Arab Rep.,2014,May,17
Rep. of Korea,Syrian Arab Rep.,2014,June,16
Rep. of Korea,Syrian Arab Rep.,2014,July,14
Rep. of Korea,Syrian Arab Rep.,2014,August,8
Rep. of Korea,Syrian Arab Rep.,2014,September,9
Rep. of Korea,Syrian Arab Rep.,2014,October,16
Rep. of Korea,Syrian Arab Rep.,2014,November,29
Rep. of Korea,Syrian Arab Rep.,2014,December,19
Rep. of Korea,Syrian Arab Rep.,2015,January,26
Rep. of Korea,Syrian Arab Rep.,2015,February,9
Rep. of Korea,Syrian Arab Rep.,2015,March,14
Rep. of Korea,Syrian Arab Rep.,2015,April,7
Rep. of Korea,Syrian Arab Rep.,2015,May,9
Rep. of Korea,Syrian Arab Rep.,2015,June,28
Rep. of Korea,Syrian Arab Rep.,2015,July,27
Rep. of Korea,Syrian Arab Rep.,2015,August,31
Rep. of Korea,Syrian Arab Rep.,2015,September,49
Rep. of Korea,Syrian Arab Rep.,2015,October,70
Rep. of Korea,Syrian Arab Rep.,2015,November,61
Liechtenstein,Syrian Arab Rep.,2012,February,1
Liechtenstein,Syrian Arab Rep.,2013,March,1
Liechtenstein,Syrian Arab Rep.,2013,April,1
Liechtenstein,Syrian Arab Rep.,2014,April,*
Liechtenstein,Syrian Arab Rep.,2015,June,*
Liechtenstein,Syrian Arab Rep.,2015,October,*
Lithuania,Syrian Arab Rep.,2011,July,1
Lithuania,Syrian Arab Rep.,2012,April,1
Lithuania,Syrian Arab Rep.,2012,December,5
Lithuania,Syrian Arab Rep.,2013,April,1
Lithuania,Syrian Arab Rep.,2013,June,2
Lithuania,Syrian Arab Rep.,2013,July,4
Lithuania,Syrian Arab Rep.,2013,August,1
Lithuania,Syrian Arab Rep.,2013,October,1
Lithuania,Syrian Arab Rep.,2013,December,2
Lithuania,Syrian Arab Rep.,2014,July,*
Lithuania,Syrian Arab Rep.,2014,November,*
Lithuania,Syrian Arab Rep.,2014,December,*
Lithuania,Syrian Arab Rep.,2015,July,*
Lithuania,Syrian Arab Rep.,2015,September,*
Lithuania,Syrian Arab Rep.,2015,December,*
Luxembourg,Syrian Arab Rep.,2011,January,4
Luxembourg,Syrian Arab Rep.,2011,May,1
Luxembourg,Syrian Arab Rep.,2011,June,3
Luxembourg,Syrian Arab Rep.,2011,October,2
Luxembourg,Syrian Arab Rep.,2011,December,1
Luxembourg,Syrian Arab Rep.,2012,January,1
Luxembourg,Syrian Arab Rep.,2012,February,1
Luxembourg,Syrian Arab Rep.,2012,April,2
Luxembourg,Syrian Arab Rep.,2012,May,2
Luxembourg,Syrian Arab Rep.,2012,July,1
Luxembourg,Syrian Arab Rep.,2012,August,1
Luxembourg,Syrian Arab Rep.,2012,September,4
Luxembourg,Syrian Arab Rep.,2012,December,2
Luxembourg,Syrian Arab Rep.,2013,February,2
Luxembourg,Syrian Arab Rep.,2013,March,3
Luxembourg,Syrian Arab Rep.,2013,April,2
Luxembourg,Syrian Arab Rep.,2013,May,1
Luxembourg,Syrian Arab Rep.,2013,June,3
Luxembourg,Syrian Arab Rep.,2013,July,4
Luxembourg,Syrian Arab Rep.,2013,August,1
Luxembourg,Syrian Arab Rep.,2013,September,4
Luxembourg,Syrian Arab Rep.,2013,November,3
Luxembourg,Syrian Arab Rep.,2013,December,1
Luxembourg,Syrian Arab Rep.,2014,January,*
Luxembourg,Syrian Arab Rep.,2014,February,*
Luxembourg,Syrian Arab Rep.,2014,March,6
Luxembourg,Syrian Arab Rep.,2014,April,*
Luxembourg,Syrian Arab Rep.,2014,May,11
Luxembourg,Syrian Arab Rep.,2014,June,10
Luxembourg,Syrian Arab Rep.,2014,July,*
Luxembourg,Syrian Arab Rep.,2014,August,11
Luxembourg,Syrian Arab Rep.,2014,September,11
Luxembourg,Syrian Arab Rep.,2014,October,14
Luxembourg,Syrian Arab Rep.,2014,November,6
Luxembourg,Syrian Arab Rep.,2014,December,9
Luxembourg,Syrian Arab Rep.,2015,February,*
Luxembourg,Syrian Arab Rep.,2015,March,11
Luxembourg,Syrian Arab Rep.,2015,April,9
Luxembourg,Syrian Arab Rep.,2015,May,*
Luxembourg,Syrian Arab Rep.,2015,June,8
Luxembourg,Syrian Arab Rep.,2015,July,20
Luxembourg,Syrian Arab Rep.,2015,August,56
Luxembourg,Syrian Arab Rep.,2015,September,141
Luxembourg,Syrian Arab Rep.,2015,October,114
Luxembourg,Syrian Arab Rep.,2015,November,131
Luxembourg,Syrian Arab Rep.,2015,December,145
Latvia,Syrian Arab Rep.,2011,June,1
Latvia,Syrian Arab Rep.,2011,August,2
Latvia,Syrian Arab Rep.,2011,September,7
Latvia,Syrian Arab Rep.,2011,October,3
Latvia,Syrian Arab Rep.,2011,November,3
Latvia,Syrian Arab Rep.,2012,February,1
Latvia,Syrian Arab Rep.,2012,June,2
Latvia,Syrian Arab Rep.,2012,July,1
Latvia,Syrian Arab Rep.,2012,September,3
Latvia,Syrian Arab Rep.,2012,October,2
Latvia,Syrian Arab Rep.,2012,November,5
Latvia,Syrian Arab Rep.,2012,December,4
Latvia,Syrian Arab Rep.,2013,January,2
Latvia,Syrian Arab Rep.,2013,February,4
Latvia,Syrian Arab Rep.,2013,March,2
Latvia,Syrian Arab Rep.,2013,April,1
Latvia,Syrian Arab Rep.,2013,May,3
Latvia,Syrian Arab Rep.,2013,August,1
Latvia,Syrian Arab Rep.,2013,September,1
Latvia,Syrian Arab Rep.,2013,October,1
Latvia,Syrian Arab Rep.,2014,March,*
Latvia,Syrian Arab Rep.,2014,April,*
Latvia,Syrian Arab Rep.,2014,May,*
Latvia,Syrian Arab Rep.,2014,June,13
Latvia,Syrian Arab Rep.,2014,July,5
Latvia,Syrian Arab Rep.,2014,September,*
Latvia,Syrian Arab Rep.,2014,October,*
Latvia,Syrian Arab Rep.,2014,November,6
Latvia,Syrian Arab Rep.,2015,May,*
Latvia,Syrian Arab Rep.,2015,June,5
The former Yugoslav Rep. of Macedonia,Syrian Arab Rep.,2011,January,1
The former Yugoslav Rep. of Macedonia,Syrian Arab Rep.,2011,August,1
The former Yugoslav Rep. of Macedonia,Syrian Arab Rep.,2012,April,3
The former Yugoslav Rep. of Macedonia,Syrian Arab Rep.,2012,November,1
The former Yugoslav Rep. of Macedonia,Syrian Arab Rep.,2012,December,1
The former Yugoslav Rep. of Macedonia,Syrian Arab Rep.,2013,January,2
The former Yugoslav Rep. of Macedonia,Syrian Arab Rep.,2013,February,9
The former Yugoslav Rep. of Macedonia,Syrian Arab Rep.,2013,March,4
The former Yugoslav Rep. of Macedonia,Syrian Arab Rep.,2013,April,39
The former Yugoslav Rep. of Macedonia,Syrian Arab Rep.,2013,May,19
The former Yugoslav Rep. of Macedonia,Syrian Arab Rep.,2013,June,38
The former Yugoslav Rep. of Macedonia,Syrian Arab Rep.,2013,July,62
The former Yugoslav Rep. of Macedonia,Syrian Arab Rep.,2013,August,110
The former Yugoslav Rep. of Macedonia,Syrian Arab Rep.,2013,September,47
The former Yugoslav Rep. of Macedonia,Syrian Arab Rep.,2013,October,21
The former Yugoslav Rep. of Macedonia,Syrian Arab Rep.,2013,November,4
The former Yugoslav Rep. of Macedonia,Syrian Arab Rep.,2013,December,5
The former Yugoslav Rep. of Macedonia,Syrian Arab Rep.,2014,January,11
The former Yugoslav Rep. of Macedonia,Syrian Arab Rep.,2014,February,44
The former Yugoslav Rep. of Macedonia,Syrian Arab Rep.,2014,March,31
The former Yugoslav Rep. of Macedonia,Syrian Arab Rep.,2014,April,67
The former Yugoslav Rep. of Macedonia,Syrian Arab Rep.,2014,May,29
The former Yugoslav Rep. of Macedonia,Syrian Arab Rep.,2014,June,73
The former Yugoslav Rep. of Macedonia,Syrian Arab Rep.,2014,July,74
The former Yugoslav Rep. of Macedonia,Syrian Arab Rep.,2014,August,33
The former Yugoslav Rep. of Macedonia,Syrian Arab Rep.,2014,September,55
The former Yugoslav Rep. of Macedonia,Syrian Arab Rep.,2014,October,99
The former Yugoslav Rep. of Macedonia,Syrian Arab Rep.,2014,November,109
The former Yugoslav Rep. of Macedonia,Syrian Arab Rep.,2014,December,121
The former Yugoslav Rep. of Macedonia,Syrian Arab Rep.,2015,January,123
The former Yugoslav Rep. of Macedonia,Syrian Arab Rep.,2015,February,40
The former Yugoslav Rep. of Macedonia,Syrian Arab Rep.,2015,March,75
The former Yugoslav Rep. of Macedonia,Syrian Arab Rep.,2015,April,56
The former Yugoslav Rep. of Macedonia,Syrian Arab Rep.,2015,May,95
The former Yugoslav Rep. of Macedonia,Syrian Arab Rep.,2015,June,382
The former Yugoslav Rep. of Macedonia,Syrian Arab Rep.,2015,July,168
The former Yugoslav Rep. of Macedonia,Syrian Arab Rep.,2015,August,6
The former Yugoslav Rep. of Macedonia,Syrian Arab Rep.,2015,September,13
The former Yugoslav Rep. of Macedonia,Syrian Arab Rep.,2015,October,17
The former Yugoslav Rep. of Macedonia,Syrian Arab Rep.,2015,November,10
The former Yugoslav Rep. of Macedonia,Syrian Arab Rep.,2015,December,12
Montenegro,Syrian Arab Rep.,2011,October,1
Montenegro,Syrian Arab Rep.,2012,January,1
Montenegro,Syrian Arab Rep.,2012,March,3
Montenegro,Syrian Arab Rep.,2012,April,2
Montenegro,Syrian Arab Rep.,2012,May,5
Montenegro,Syrian Arab Rep.,2012,June,2
Montenegro,Syrian Arab Rep.,2012,July,6
Montenegro,Syrian Arab Rep.,2012,October,7
Montenegro,Syrian Arab Rep.,2012,November,11
Montenegro,Syrian Arab Rep.,2012,December,7
Montenegro,Syrian Arab Rep.,2013,February,4
Montenegro,Syrian Arab Rep.,2013,March,1
Montenegro,Syrian Arab Rep.,2013,April,13
Montenegro,Syrian Arab Rep.,2013,May,6
Montenegro,Syrian Arab Rep.,2013,June,22
Montenegro,Syrian Arab Rep.,2013,July,25
Montenegro,Syrian Arab Rep.,2013,August,47
Montenegro,Syrian Arab Rep.,2013,September,28
Montenegro,Syrian Arab Rep.,2013,October,41
Montenegro,Syrian Arab Rep.,2013,November,18
Montenegro,Syrian Arab Rep.,2013,December,80
Montenegro,Syrian Arab Rep.,2014,January,34
Montenegro,Syrian Arab Rep.,2014,March,*
Montenegro,Syrian Arab Rep.,2014,April,34
Montenegro,Syrian Arab Rep.,2014,May,21
Montenegro,Syrian Arab Rep.,2014,June,94
Montenegro,Syrian Arab Rep.,2014,July,101
Montenegro,Syrian Arab Rep.,2014,August,39
Montenegro,Syrian Arab Rep.,2014,September,67
Montenegro,Syrian Arab Rep.,2014,October,588
Montenegro,Syrian Arab Rep.,2014,November,424
Montenegro,Syrian Arab Rep.,2014,December,245
Montenegro,Syrian Arab Rep.,2015,January,124
Montenegro,Syrian Arab Rep.,2015,February,101
Montenegro,Syrian Arab Rep.,2015,March,153
Montenegro,Syrian Arab Rep.,2015,April,209
Montenegro,Syrian Arab Rep.,2015,May,281
Montenegro,Syrian Arab Rep.,2015,June,113
Montenegro,Syrian Arab Rep.,2015,August,*
Montenegro,Syrian Arab Rep.,2015,September,*
Montenegro,Syrian Arab Rep.,2015,November,11
Malta,Syrian Arab Rep.,2011,May,4
Malta,Syrian Arab Rep.,2011,July,4
Malta,Syrian Arab Rep.,2011,August,2
Malta,Syrian Arab Rep.,2011,September,5
Malta,Syrian Arab Rep.,2011,October,70
Malta,Syrian Arab Rep.,2011,November,27
Malta,Syrian Arab Rep.,2011,December,10
Malta,Syrian Arab Rep.,2012,January,10
Malta,Syrian Arab Rep.,2012,February,7
Malta,Syrian Arab Rep.,2012,March,12
Malta,Syrian Arab Rep.,2012,April,12
Malta,Syrian Arab Rep.,2012,May,11
Malta,Syrian Arab Rep.,2012,June,2
Malta,Syrian Arab Rep.,2012,July,3
Malta,Syrian Arab Rep.,2012,August,1
Malta,Syrian Arab Rep.,2012,September,17
Malta,Syrian Arab Rep.,2012,October,23
Malta,Syrian Arab Rep.,2012,November,12
Malta,Syrian Arab Rep.,2012,December,37
Malta,Syrian Arab Rep.,2013,January,9
Malta,Syrian Arab Rep.,2013,February,13
Malta,Syrian Arab Rep.,2013,March,41
Malta,Syrian Arab Rep.,2013,April,20
Malta,Syrian Arab Rep.,2013,May,3
Malta,Syrian Arab Rep.,2013,June,31
Malta,Syrian Arab Rep.,2013,July,37
Malta,Syrian Arab Rep.,2013,August,12
Malta,Syrian Arab Rep.,2013,September,17
Malta,Syrian Arab Rep.,2013,October,11
Malta,Syrian Arab Rep.,2013,November,28
Malta,Syrian Arab Rep.,2013,December,28
Malta,Syrian Arab Rep.,2014,January,30
Malta,Syrian Arab Rep.,2014,February,15
Malta,Syrian Arab Rep.,2014,March,18
Malta,Syrian Arab Rep.,2014,April,15
Malta,Syrian Arab Rep.,2014,May,18
Malta,Syrian Arab Rep.,2014,June,37
Malta,Syrian Arab Rep.,2014,July,16
Malta,Syrian Arab Rep.,2014,August,25
Malta,Syrian Arab Rep.,2014,September,38
Malta,Syrian Arab Rep.,2014,October,52
Malta,Syrian Arab Rep.,2014,November,15
Malta,Syrian Arab Rep.,2014,December,26
Malta,Syrian Arab Rep.,2015,January,13
Malta,Syrian Arab Rep.,2015,February,9
Malta,Syrian Arab Rep.,2015,March,11
Malta,Syrian Arab Rep.,2015,April,10
Malta,Syrian Arab Rep.,2015,May,17
Malta,Syrian Arab Rep.,2015,June,18
Malta,Syrian Arab Rep.,2015,July,26
Malta,Syrian Arab Rep.,2015,August,24
Malta,Syrian Arab Rep.,2015,September,56
Malta,Syrian Arab Rep.,2015,October,96
Malta,Syrian Arab Rep.,2015,November,87
Malta,Syrian Arab Rep.,2015,December,31
Netherlands,Syrian Arab Rep.,2011,January,9
Netherlands,Syrian Arab Rep.,2011,February,5
Netherlands,Syrian Arab Rep.,2011,March,6
Netherlands,Syrian Arab Rep.,2011,April,6
Netherlands,Syrian Arab Rep.,2011,May,5
Netherlands,Syrian Arab Rep.,2011,June,17
Netherlands,Syrian Arab Rep.,2011,July,14
Netherlands,Syrian Arab Rep.,2011,August,14
Netherlands,Syrian Arab Rep.,2011,September,26
Netherlands,Syrian Arab Rep.,2011,October,29
Netherlands,Syrian Arab Rep.,2011,November,23
Netherlands,Syrian Arab Rep.,2011,December,14
Netherlands,Syrian Arab Rep.,2012,January,18
Netherlands,Syrian Arab Rep.,2012,February,27
Netherlands,Syrian Arab Rep.,2012,March,14
Netherlands,Syrian Arab Rep.,2012,April,12
Netherlands,Syrian Arab Rep.,2012,May,28
Netherlands,Syrian Arab Rep.,2012,June,25
Netherlands,Syrian Arab Rep.,2012,July,16
Netherlands,Syrian Arab Rep.,2012,August,28
Netherlands,Syrian Arab Rep.,2012,September,54
Netherlands,Syrian Arab Rep.,2012,October,75
Netherlands,Syrian Arab Rep.,2012,November,94
Netherlands,Syrian Arab Rep.,2012,December,63
Netherlands,Syrian Arab Rep.,2013,January,111
Netherlands,Syrian Arab Rep.,2013,February,104
Netherlands,Syrian Arab Rep.,2013,March,126
Netherlands,Syrian Arab Rep.,2013,April,127
Netherlands,Syrian Arab Rep.,2013,May,126
Netherlands,Syrian Arab Rep.,2013,June,165
Netherlands,Syrian Arab Rep.,2013,July,197
Netherlands,Syrian Arab Rep.,2013,August,212
Netherlands,Syrian Arab Rep.,2013,September,322
Netherlands,Syrian Arab Rep.,2013,October,373
Netherlands,Syrian Arab Rep.,2013,November,413
Netherlands,Syrian Arab Rep.,2013,December,397
Netherlands,Syrian Arab Rep.,2014,January,434
Netherlands,Syrian Arab Rep.,2014,February,242
Netherlands,Syrian Arab Rep.,2014,March,308
Netherlands,Syrian Arab Rep.,2014,April,519
Netherlands,Syrian Arab Rep.,2014,May,639
Netherlands,Syrian Arab Rep.,2014,June,885
Netherlands,Syrian Arab Rep.,2014,July,1087
Netherlands,Syrian Arab Rep.,2014,August,1107
Netherlands,Syrian Arab Rep.,2014,September,1653
Netherlands,Syrian Arab Rep.,2014,October,851
Netherlands,Syrian Arab Rep.,2014,November,514
Netherlands,Syrian Arab Rep.,2014,December,509
Netherlands,Syrian Arab Rep.,2015,January,315
Netherlands,Syrian Arab Rep.,2015,February,189
Netherlands,Syrian Arab Rep.,2015,March,192
Netherlands,Syrian Arab Rep.,2015,April,236
Netherlands,Syrian Arab Rep.,2015,May,445
Netherlands,Syrian Arab Rep.,2015,June,737
Netherlands,Syrian Arab Rep.,2015,July,1121
Netherlands,Syrian Arab Rep.,2015,August,2838
Netherlands,Syrian Arab Rep.,2015,September,4063
Netherlands,Syrian Arab Rep.,2015,October,5252
Netherlands,Syrian Arab Rep.,2015,November,2402
Norway,Syrian Arab Rep.,2011,January,21
Norway,Syrian Arab Rep.,2011,February,6
Norway,Syrian Arab Rep.,2011,March,8
Norway,Syrian Arab Rep.,2011,April,10
Norway,Syrian Arab Rep.,2011,May,6
Norway,Syrian Arab Rep.,2011,June,8
Norway,Syrian Arab Rep.,2011,July,12
Norway,Syrian Arab Rep.,2011,August,21
Norway,Syrian Arab Rep.,2011,September,21
Norway,Syrian Arab Rep.,2011,October,29
Norway,Syrian Arab Rep.,2011,November,20
Norway,Syrian Arab Rep.,2011,December,27
Norway,Syrian Arab Rep.,2012,January,21
Norway,Syrian Arab Rep.,2012,February,2
Norway,Syrian Arab Rep.,2012,March,12
Norway,Syrian Arab Rep.,2012,April,18
Norway,Syrian Arab Rep.,2012,May,13
Norway,Syrian Arab Rep.,2012,June,30
Norway,Syrian Arab Rep.,2012,July,23
Norway,Syrian Arab Rep.,2012,August,33
Norway,Syrian Arab Rep.,2012,September,38
Norway,Syrian Arab Rep.,2012,October,48
Norway,Syrian Arab Rep.,2012,November,45
Norway,Syrian Arab Rep.,2012,December,29
Norway,Syrian Arab Rep.,2013,January,45
Norway,Syrian Arab Rep.,2013,February,34
Norway,Syrian Arab Rep.,2013,March,36
Norway,Syrian Arab Rep.,2013,April,46
Norway,Syrian Arab Rep.,2013,May,45
Norway,Syrian Arab Rep.,2013,June,53
Norway,Syrian Arab Rep.,2013,July,92
Norway,Syrian Arab Rep.,2013,August,99
Norway,Syrian Arab Rep.,2013,September,106
Norway,Syrian Arab Rep.,2013,October,116
Norway,Syrian Arab Rep.,2013,November,87
Norway,Syrian Arab Rep.,2013,December,109
Norway,Syrian Arab Rep.,2014,January,120
Norway,Syrian Arab Rep.,2014,February,76
Norway,Syrian Arab Rep.,2014,March,104
Norway,Syrian Arab Rep.,2014,April,91
Norway,Syrian Arab Rep.,2014,May,152
Norway,Syrian Arab Rep.,2014,June,197
Norway,Syrian Arab Rep.,2014,July,176
Norway,Syrian Arab Rep.,2014,August,256
Norway,Syrian Arab Rep.,2014,September,296
Norway,Syrian Arab Rep.,2014,October,216
Norway,Syrian Arab Rep.,2014,November,189
Norway,Syrian Arab Rep.,2014,December,194
Norway,Syrian Arab Rep.,2015,January,114
Norway,Syrian Arab Rep.,2015,February,83
Norway,Syrian Arab Rep.,2015,March,76
Norway,Syrian Arab Rep.,2015,April,89
Norway,Syrian Arab Rep.,2015,May,94
Norway,Syrian Arab Rep.,2015,June,178
Norway,Syrian Arab Rep.,2015,July,310
Norway,Syrian Arab Rep.,2015,August,865
Norway,Syrian Arab Rep.,2015,September,2642
Norway,Syrian Arab Rep.,2015,October,3394
New Zealand,Syrian Arab Rep.,2011,August,2
New Zealand,Syrian Arab Rep.,2012,March,6
New Zealand,Syrian Arab Rep.,2012,May,1
New Zealand,Syrian Arab Rep.,2012,July,1
New Zealand,Syrian Arab Rep.,2012,August,1
New Zealand,Syrian Arab Rep.,2012,October,2
New Zealand,Syrian Arab Rep.,2012,November,2
New Zealand,Syrian Arab Rep.,2013,January,3
New Zealand,Syrian Arab Rep.,2013,October,4
New Zealand,Syrian Arab Rep.,2013,December,3
New Zealand,Syrian Arab Rep.,2014,January,*
New Zealand,Syrian Arab Rep.,2014,March,*
New Zealand,Syrian Arab Rep.,2014,April,*
New Zealand,Syrian Arab Rep.,2014,August,*
New Zealand,Syrian Arab Rep.,2014,November,5
New Zealand,Syrian Arab Rep.,2015,June,6
New Zealand,Syrian Arab Rep.,2015,July,*
New Zealand,Syrian Arab Rep.,2015,December,*
Poland,Syrian Arab Rep.,2011,March,4
Poland,Syrian Arab Rep.,2011,May,1
Poland,Syrian Arab Rep.,2011,September,5
Poland,Syrian Arab Rep.,2012,February,1
Poland,Syrian Arab Rep.,2012,March,2
Poland,Syrian Arab Rep.,2012,April,4
Poland,Syrian Arab Rep.,2012,June,3
Poland,Syrian Arab Rep.,2012,July,2
Poland,Syrian Arab Rep.,2012,August,2
Poland,Syrian Arab Rep.,2012,September,6
Poland,Syrian Arab Rep.,2012,October,39
Poland,Syrian Arab Rep.,2012,November,28
Poland,Syrian Arab Rep.,2012,December,20
Poland,Syrian Arab Rep.,2013,January,51
Poland,Syrian Arab Rep.,2013,February,16
Poland,Syrian Arab Rep.,2013,March,18
Poland,Syrian Arab Rep.,2013,April,8
Poland,Syrian Arab Rep.,2013,May,16
Poland,Syrian Arab Rep.,2013,June,35
Poland,Syrian Arab Rep.,2013,July,33
Poland,Syrian Arab Rep.,2013,August,10
Poland,Syrian Arab Rep.,2013,September,23
Poland,Syrian Arab Rep.,2013,October,17
Poland,Syrian Arab Rep.,2013,November,18
Poland,Syrian Arab Rep.,2013,December,10
Poland,Syrian Arab Rep.,2014,January,8
Poland,Syrian Arab Rep.,2014,February,10
Poland,Syrian Arab Rep.,2014,March,9
Poland,Syrian Arab Rep.,2014,April,*
Poland,Syrian Arab Rep.,2014,May,*
Poland,Syrian Arab Rep.,2014,June,10
Poland,Syrian Arab Rep.,2014,July,7
Poland,Syrian Arab Rep.,2014,August,7
Poland,Syrian Arab Rep.,2014,September,16
Poland,Syrian Arab Rep.,2014,October,9
Poland,Syrian Arab Rep.,2014,November,9
Poland,Syrian Arab Rep.,2014,December,13
Poland,Syrian Arab Rep.,2015,January,10
Poland,Syrian Arab Rep.,2015,February,*
Poland,Syrian Arab Rep.,2015,March,13
Poland,Syrian Arab Rep.,2015,April,*
Poland,Syrian Arab Rep.,2015,May,15
Poland,Syrian Arab Rep.,2015,June,10
Poland,Syrian Arab Rep.,2015,July,159
Poland,Syrian Arab Rep.,2015,August,23
Poland,Syrian Arab Rep.,2015,September,15
Poland,Syrian Arab Rep.,2015,October,13
Poland,Syrian Arab Rep.,2015,November,13
Poland,Syrian Arab Rep.,2015,December,7
Portugal,Syrian Arab Rep.,2012,May,2
Portugal,Syrian Arab Rep.,2012,June,6
Portugal,Syrian Arab Rep.,2012,August,3
Portugal,Syrian Arab Rep.,2012,September,3
Portugal,Syrian Arab Rep.,2012,October,1
Portugal,Syrian Arab Rep.,2012,November,5
Portugal,Syrian Arab Rep.,2013,January,7
Portugal,Syrian Arab Rep.,2013,February,10
Portugal,Syrian Arab Rep.,2013,March,3
Portugal,Syrian Arab Rep.,2013,April,47
Portugal,Syrian Arab Rep.,2013,May,2
Portugal,Syrian Arab Rep.,2013,October,1
Portugal,Syrian Arab Rep.,2013,December,76
Portugal,Syrian Arab Rep.,2014,March,*
Portugal,Syrian Arab Rep.,2014,May,*
Portugal,Syrian Arab Rep.,2014,June,*
Portugal,Syrian Arab Rep.,2014,July,*
Portugal,Syrian Arab Rep.,2014,August,6
Portugal,Syrian Arab Rep.,2014,September,*
Portugal,Syrian Arab Rep.,2014,October,*
Portugal,Syrian Arab Rep.,2014,December,*
Portugal,Syrian Arab Rep.,2015,May,*
Portugal,Syrian Arab Rep.,2015,June,*
Portugal,Syrian Arab Rep.,2015,October,7
Portugal,Syrian Arab Rep.,2015,November,5
Portugal,Syrian Arab Rep.,2015,December,*
Romania,Syrian Arab Rep.,2011,January,1
Romania,Syrian Arab Rep.,2011,February,1
Romania,Syrian Arab Rep.,2011,March,2
Romania,Syrian Arab Rep.,2011,April,5
Romania,Syrian Arab Rep.,2011,May,2
Romania,Syrian Arab Rep.,2011,June,2
Romania,Syrian Arab Rep.,2011,July,1
Romania,Syrian Arab Rep.,2011,August,4
Romania,Syrian Arab Rep.,2011,September,6
Romania,Syrian Arab Rep.,2011,October,3
Romania,Syrian Arab Rep.,2011,November,5
Romania,Syrian Arab Rep.,2011,December,4
Romania,Syrian Arab Rep.,2012,January,5
Romania,Syrian Arab Rep.,2012,February,7
Romania,Syrian Arab Rep.,2012,March,22
Romania,Syrian Arab Rep.,2012,April,16
Romania,Syrian Arab Rep.,2012,May,14
Romania,Syrian Arab Rep.,2012,June,24
Romania,Syrian Arab Rep.,2012,August,60
Romania,Syrian Arab Rep.,2012,September,24
Romania,Syrian Arab Rep.,2012,October,23
Romania,Syrian Arab Rep.,2012,November,38
Romania,Syrian Arab Rep.,2012,December,23
Romania,Syrian Arab Rep.,2013,January,71
Romania,Syrian Arab Rep.,2013,February,61
Romania,Syrian Arab Rep.,2013,March,84
Romania,Syrian Arab Rep.,2013,April,85
Romania,Syrian Arab Rep.,2013,May,95
Romania,Syrian Arab Rep.,2013,June,80
Romania,Syrian Arab Rep.,2013,July,144
Romania,Syrian Arab Rep.,2013,August,61
Romania,Syrian Arab Rep.,2013,September,120
Romania,Syrian Arab Rep.,2013,October,91
Romania,Syrian Arab Rep.,2013,November,73
Romania,Syrian Arab Rep.,2013,December,51
Romania,Syrian Arab Rep.,2014,January,51
Romania,Syrian Arab Rep.,2014,February,92
Romania,Syrian Arab Rep.,2014,March,57
Romania,Syrian Arab Rep.,2014,April,34
Romania,Syrian Arab Rep.,2014,May,32
Romania,Syrian Arab Rep.,2014,June,47
Romania,Syrian Arab Rep.,2014,July,30
Romania,Syrian Arab Rep.,2014,August,26
Romania,Syrian Arab Rep.,2014,September,86
Romania,Syrian Arab Rep.,2014,October,63
Romania,Syrian Arab Rep.,2014,November,33
Romania,Syrian Arab Rep.,2014,December,63
Romania,Syrian Arab Rep.,2015,January,59
Romania,Syrian Arab Rep.,2015,February,29
Romania,Syrian Arab Rep.,2015,March,75
Romania,Syrian Arab Rep.,2015,April,133
Romania,Syrian Arab Rep.,2015,May,39
Romania,Syrian Arab Rep.,2015,June,39
Romania,Syrian Arab Rep.,2015,July,40
Romania,Syrian Arab Rep.,2015,August,32
Romania,Syrian Arab Rep.,2015,September,31
Romania,Syrian Arab Rep.,2015,October,32
Romania,Syrian Arab Rep.,2015,November,22
Romania,Syrian Arab Rep.,2015,December,21
Spain,Syrian Arab Rep.,2011,March,5
Spain,Syrian Arab Rep.,2011,April,2
Spain,Syrian Arab Rep.,2011,May,4
Spain,Syrian Arab Rep.,2011,July,4
Spain,Syrian Arab Rep.,2011,August,25
Spain,Syrian Arab Rep.,2011,September,42
Spain,Syrian Arab Rep.,2011,October,7
Spain,Syrian Arab Rep.,2011,November,2
Spain,Syrian Arab Rep.,2011,December,6
Spain,Syrian Arab Rep.,2012,January,19
Spain,Syrian Arab Rep.,2012,February,22
Spain,Syrian Arab Rep.,2012,March,12
Spain,Syrian Arab Rep.,2012,April,7
Spain,Syrian Arab Rep.,2012,May,8
Spain,Syrian Arab Rep.,2012,June,32
Spain,Syrian Arab Rep.,2012,July,25
Spain,Syrian Arab Rep.,2012,August,24
Spain,Syrian Arab Rep.,2012,September,32
Spain,Syrian Arab Rep.,2012,October,28
Spain,Syrian Arab Rep.,2012,November,26
Spain,Syrian Arab Rep.,2012,December,20
Spain,Syrian Arab Rep.,2013,January,47
Spain,Syrian Arab Rep.,2013,February,79
Spain,Syrian Arab Rep.,2013,March,36
Spain,Syrian Arab Rep.,2013,April,62
Spain,Syrian Arab Rep.,2013,May,57
Spain,Syrian Arab Rep.,2013,June,79
Spain,Syrian Arab Rep.,2013,July,68
Spain,Syrian Arab Rep.,2013,August,49
Spain,Syrian Arab Rep.,2013,September,67
Spain,Syrian Arab Rep.,2013,October,63
Spain,Syrian Arab Rep.,2013,November,63
Spain,Syrian Arab Rep.,2013,December,55
Spain,Syrian Arab Rep.,2014,January,41
Spain,Syrian Arab Rep.,2014,February,93
Spain,Syrian Arab Rep.,2014,March,96
Spain,Syrian Arab Rep.,2014,April,76
Spain,Syrian Arab Rep.,2014,May,74
Spain,Syrian Arab Rep.,2014,June,129
Spain,Syrian Arab Rep.,2014,July,88
Spain,Syrian Arab Rep.,2014,August,93
Spain,Syrian Arab Rep.,2014,September,118
Spain,Syrian Arab Rep.,2014,October,288
Spain,Syrian Arab Rep.,2014,November,213
Spain,Syrian Arab Rep.,2014,December,357
Spain,Syrian Arab Rep.,2015,January,432
Spain,Syrian Arab Rep.,2015,February,330
Spain,Syrian Arab Rep.,2015,March,568
Spain,Syrian Arab Rep.,2015,April,797
Spain,Syrian Arab Rep.,2015,May,474
Spain,Syrian Arab Rep.,2015,June,558
Spain,Syrian Arab Rep.,2015,July,356
Spain,Syrian Arab Rep.,2015,August,343
Spain,Syrian Arab Rep.,2015,September,479
Spain,Syrian Arab Rep.,2015,October,556
Spain,Syrian Arab Rep.,2015,November,547
Spain,Syrian Arab Rep.,2015,December,187
Slovakia,Syrian Arab Rep.,2011,October,5
Slovakia,Syrian Arab Rep.,2012,September,2
Slovakia,Syrian Arab Rep.,2012,November,1
Slovakia,Syrian Arab Rep.,2012,December,1
Slovakia,Syrian Arab Rep.,2013,April,2
Slovakia,Syrian Arab Rep.,2013,May,1
Slovakia,Syrian Arab Rep.,2013,June,1
Slovakia,Syrian Arab Rep.,2013,October,8
Slovakia,Syrian Arab Rep.,2013,November,1
Slovakia,Syrian Arab Rep.,2014,March,22
Slovakia,Syrian Arab Rep.,2014,June,*
Slovakia,Syrian Arab Rep.,2014,September,*
Slovakia,Syrian Arab Rep.,2014,November,5
Slovakia,Syrian Arab Rep.,2014,December,*
Slovakia,Syrian Arab Rep.,2015,March,*
Slovakia,Syrian Arab Rep.,2015,April,*
Slovakia,Syrian Arab Rep.,2015,May,*
Slovakia,Syrian Arab Rep.,2015,October,*
Slovenia,Syrian Arab Rep.,2011,March,1
Slovenia,Syrian Arab Rep.,2011,June,1
Slovenia,Syrian Arab Rep.,2011,July,1
Slovenia,Syrian Arab Rep.,2011,October,7
Slovenia,Syrian Arab Rep.,2012,March,1
Slovenia,Syrian Arab Rep.,2012,June,4
Slovenia,Syrian Arab Rep.,2012,July,3
Slovenia,Syrian Arab Rep.,2012,August,4
Slovenia,Syrian Arab Rep.,2012,September,1
Slovenia,Syrian Arab Rep.,2012,October,11
Slovenia,Syrian Arab Rep.,2012,November,4
Slovenia,Syrian Arab Rep.,2012,December,4
Slovenia,Syrian Arab Rep.,2013,January,17
Slovenia,Syrian Arab Rep.,2013,February,3
Slovenia,Syrian Arab Rep.,2013,March,2
Slovenia,Syrian Arab Rep.,2013,May,13
Slovenia,Syrian Arab Rep.,2013,June,15
Slovenia,Syrian Arab Rep.,2013,July,1
Slovenia,Syrian Arab Rep.,2013,August,1
Slovenia,Syrian Arab Rep.,2013,September,1
Slovenia,Syrian Arab Rep.,2013,October,2
Slovenia,Syrian Arab Rep.,2013,December,1
Slovenia,Syrian Arab Rep.,2014,January,5
Slovenia,Syrian Arab Rep.,2014,February,*
Slovenia,Syrian Arab Rep.,2014,March,*
Slovenia,Syrian Arab Rep.,2014,April,11
Slovenia,Syrian Arab Rep.,2014,May,15
Slovenia,Syrian Arab Rep.,2014,June,8
Slovenia,Syrian Arab Rep.,2014,July,*
Slovenia,Syrian Arab Rep.,2014,August,9
Slovenia,Syrian Arab Rep.,2014,September,10
Slovenia,Syrian Arab Rep.,2014,October,13
Slovenia,Syrian Arab Rep.,2014,November,6
Slovenia,Syrian Arab Rep.,2015,January,*
Slovenia,Syrian Arab Rep.,2015,June,*
Slovenia,Syrian Arab Rep.,2015,August,*
Slovenia,Syrian Arab Rep.,2015,September,*
Slovenia,Syrian Arab Rep.,2015,November,*
Slovenia,Syrian Arab Rep.,2015,December,8
Sweden,Syrian Arab Rep.,2011,January,34
Sweden,Syrian Arab Rep.,2011,February,34
Sweden,Syrian Arab Rep.,2011,March,42
Sweden,Syrian Arab Rep.,2011,April,52
Sweden,Syrian Arab Rep.,2011,May,47
Sweden,Syrian Arab Rep.,2011,June,51
Sweden,Syrian Arab Rep.,2011,July,49
Sweden,Syrian Arab Rep.,2011,August,51
Sweden,Syrian Arab Rep.,2011,September,64
Sweden,Syrian Arab Rep.,2011,October,66
Sweden,Syrian Arab Rep.,2011,November,75
Sweden,Syrian Arab Rep.,2011,December,81
Sweden,Syrian Arab Rep.,2012,January,147
Sweden,Syrian Arab Rep.,2012,February,157
Sweden,Syrian Arab Rep.,2012,March,143
Sweden,Syrian Arab Rep.,2012,April,163
Sweden,Syrian Arab Rep.,2012,May,229
Sweden,Syrian Arab Rep.,2012,June,351
Sweden,Syrian Arab Rep.,2012,July,621
Sweden,Syrian Arab Rep.,2012,August,1134
Sweden,Syrian Arab Rep.,2012,September,1300
Sweden,Syrian Arab Rep.,2012,October,1254
Sweden,Syrian Arab Rep.,2012,November,1156
Sweden,Syrian Arab Rep.,2012,December,1159
Sweden,Syrian Arab Rep.,2013,January,1004
Sweden,Syrian Arab Rep.,2013,February,734
Sweden,Syrian Arab Rep.,2013,March,752
Sweden,Syrian Arab Rep.,2013,April,703
Sweden,Syrian Arab Rep.,2013,May,765
Sweden,Syrian Arab Rep.,2013,June,730
Sweden,Syrian Arab Rep.,2013,July,977
Sweden,Syrian Arab Rep.,2013,August,1180
Sweden,Syrian Arab Rep.,2013,September,2713
Sweden,Syrian Arab Rep.,2013,October,2641
Sweden,Syrian Arab Rep.,2013,November,2136
Sweden,Syrian Arab Rep.,2013,December,1982
Sweden,Syrian Arab Rep.,2014,January,1548
Sweden,Syrian Arab Rep.,2014,February,1544
Sweden,Syrian Arab Rep.,2014,March,1695
Sweden,Syrian Arab Rep.,2014,April,1724
Sweden,Syrian Arab Rep.,2014,May,2200
Sweden,Syrian Arab Rep.,2014,June,2936
Sweden,Syrian Arab Rep.,2014,July,3461
Sweden,Syrian Arab Rep.,2014,August,3470
Sweden,Syrian Arab Rep.,2014,September,3926
Sweden,Syrian Arab Rep.,2014,October,3121
Sweden,Syrian Arab Rep.,2014,November,2261
Sweden,Syrian Arab Rep.,2014,December,2427
Sweden,Syrian Arab Rep.,2015,January,1535
Sweden,Syrian Arab Rep.,2015,February,918
Sweden,Syrian Arab Rep.,2015,March,917
Sweden,Syrian Arab Rep.,2015,April,962
Sweden,Syrian Arab Rep.,2015,May,1170
Sweden,Syrian Arab Rep.,2015,June,1710
Sweden,Syrian Arab Rep.,2015,July,2463
Sweden,Syrian Arab Rep.,2015,August,4746
Sweden,Syrian Arab Rep.,2015,September,10918
Sweden,Syrian Arab Rep.,2015,October,12929
Sweden,Syrian Arab Rep.,2015,November,9591
Sweden,Syrian Arab Rep.,2015,December,3050
Switzerland,Syrian Arab Rep.,2011,January,34
Switzerland,Syrian Arab Rep.,2011,February,39
Switzerland,Syrian Arab Rep.,2011,March,56
Switzerland,Syrian Arab Rep.,2011,April,24
Switzerland,Syrian Arab Rep.,2011,May,36
Switzerland,Syrian Arab Rep.,2011,June,34
Switzerland,Syrian Arab Rep.,2011,July,44
Switzerland,Syrian Arab Rep.,2011,August,80
Switzerland,Syrian Arab Rep.,2011,September,91
Switzerland,Syrian Arab Rep.,2011,October,95
Switzerland,Syrian Arab Rep.,2011,November,108
Switzerland,Syrian Arab Rep.,2011,December,47
Switzerland,Syrian Arab Rep.,2012,January,117
Switzerland,Syrian Arab Rep.,2012,February,84
Switzerland,Syrian Arab Rep.,2012,March,57
Switzerland,Syrian Arab Rep.,2012,April,64
Switzerland,Syrian Arab Rep.,2012,May,75
Switzerland,Syrian Arab Rep.,2012,June,98
Switzerland,Syrian Arab Rep.,2012,July,97
Switzerland,Syrian Arab Rep.,2012,August,125
Switzerland,Syrian Arab Rep.,2012,September,108
Switzerland,Syrian Arab Rep.,2012,October,144
Switzerland,Syrian Arab Rep.,2012,November,134
Switzerland,Syrian Arab Rep.,2012,December,43
Switzerland,Syrian Arab Rep.,2013,January,94
Switzerland,Syrian Arab Rep.,2013,February,62
Switzerland,Syrian Arab Rep.,2013,March,84
Switzerland,Syrian Arab Rep.,2013,April,91
Switzerland,Syrian Arab Rep.,2013,May,50
Switzerland,Syrian Arab Rep.,2013,June,64
Switzerland,Syrian Arab Rep.,2013,July,99
Switzerland,Syrian Arab Rep.,2013,August,120
Switzerland,Syrian Arab Rep.,2013,September,126
Switzerland,Syrian Arab Rep.,2013,October,232
Switzerland,Syrian Arab Rep.,2013,November,452
Switzerland,Syrian Arab Rep.,2013,December,378
Switzerland,Syrian Arab Rep.,2014,January,409
Switzerland,Syrian Arab Rep.,2014,February,395
Switzerland,Syrian Arab Rep.,2014,March,373
Switzerland,Syrian Arab Rep.,2014,April,409
Switzerland,Syrian Arab Rep.,2014,May,359
Switzerland,Syrian Arab Rep.,2014,June,274
Switzerland,Syrian Arab Rep.,2014,July,228
Switzerland,Syrian Arab Rep.,2014,August,245
Switzerland,Syrian Arab Rep.,2014,September,324
Switzerland,Syrian Arab Rep.,2014,October,343
Switzerland,Syrian Arab Rep.,2014,November,212
Switzerland,Syrian Arab Rep.,2014,December,197
Switzerland,Syrian Arab Rep.,2015,January,134
Switzerland,Syrian Arab Rep.,2015,February,148
Switzerland,Syrian Arab Rep.,2015,March,96
Switzerland,Syrian Arab Rep.,2015,April,137
Switzerland,Syrian Arab Rep.,2015,May,88
Switzerland,Syrian Arab Rep.,2015,June,125
Switzerland,Syrian Arab Rep.,2015,July,235
Switzerland,Syrian Arab Rep.,2015,August,395
Switzerland,Syrian Arab Rep.,2015,September,905
Switzerland,Syrian Arab Rep.,2015,October,614
Switzerland,Syrian Arab Rep.,2015,November,978
Switzerland,Syrian Arab Rep.,2015,December,794
Turkey,Syrian Arab Rep.,2011,January,1
Turkey,Syrian Arab Rep.,2011,February,13
Turkey,Syrian Arab Rep.,2011,March,4
Turkey,Syrian Arab Rep.,2011,April,2
Turkey,Syrian Arab Rep.,2011,May,7
Turkey,Syrian Arab Rep.,2011,June,57
Turkey,Syrian Arab Rep.,2011,July,45
Turkey,Syrian Arab Rep.,2011,August,55
Turkey,Syrian Arab Rep.,2011,September,3
Turkey,Syrian Arab Rep.,2011,December,1
Turkey,Syrian Arab Rep.,2012,January,1
Turkey,Syrian Arab Rep.,2012,February,1
Turkey,Syrian Arab Rep.,2012,March,1
Turkey,Syrian Arab Rep.,2012,May,1
Turkey,Syrian Arab Rep.,2012,June,3
Turkey,Syrian Arab Rep.,2012,July,3
Turkey,Syrian Arab Rep.,2012,September,2
Turkey,Syrian Arab Rep.,2012,October,4
Turkey,Syrian Arab Rep.,2012,November,4
Turkey,Syrian Arab Rep.,2012,December,4
Turkey,Syrian Arab Rep.,2013,January,9
Turkey,Syrian Arab Rep.,2013,February,5
Turkey,Syrian Arab Rep.,2013,March,3
Turkey,Syrian Arab Rep.,2013,April,6
Turkey,Syrian Arab Rep.,2013,May,7
Turkey,Syrian Arab Rep.,2013,June,7
Turkey,Syrian Arab Rep.,2013,July,6
Turkey,Syrian Arab Rep.,2013,August,7
Turkey,Syrian Arab Rep.,2013,September,1
Turkey,Syrian Arab Rep.,2013,October,25
Turkey,Syrian Arab Rep.,2013,November,21
Turkey,Syrian Arab Rep.,2013,December,11
Turkey,Syrian Arab Rep.,2014,January,161
Turkey,Syrian Arab Rep.,2014,February,514
Turkey,Syrian Arab Rep.,2014,March,692
Turkey,Syrian Arab Rep.,2014,April,533
Turkey,Syrian Arab Rep.,2014,May,360
Turkey,Syrian Arab Rep.,2014,June,290
Turkey,Syrian Arab Rep.,2014,July,520
Turkey,Syrian Arab Rep.,2014,August,557
Turkey,Syrian Arab Rep.,2014,September,917
Turkey,Syrian Arab Rep.,2014,October,1024
Turkey,Syrian Arab Rep.,2014,November,1644
Turkey,Syrian Arab Rep.,2014,December,1154
Turkey,Syrian Arab Rep.,2015,January,*
Turkey,Syrian Arab Rep.,2015,February,8
Turkey,Syrian Arab Rep.,2015,March,11
Turkey,Syrian Arab Rep.,2015,April,21
Turkey,Syrian Arab Rep.,2015,May,9
Turkey,Syrian Arab Rep.,2015,June,14
Turkey,Syrian Arab Rep.,2015,July,9
Turkey,Syrian Arab Rep.,2015,August,7
Turkey,Syrian Arab Rep.,2015,September,15
Turkey,Syrian Arab Rep.,2015,October,9
USA (INS/DHS),Syrian Arab Rep.,2011,January,1
USA (INS/DHS),Syrian Arab Rep.,2011,February,2
USA (INS/DHS),Syrian Arab Rep.,2011,March,3
USA (INS/DHS),Syrian Arab Rep.,2011,April,6
USA (INS/DHS),Syrian Arab Rep.,2011,May,14
USA (INS/DHS),Syrian Arab Rep.,2011,June,14
USA (INS/DHS),Syrian Arab Rep.,2011,July,17
USA (INS/DHS),Syrian Arab Rep.,2011,August,29
USA (INS/DHS),Syrian Arab Rep.,2011,September,24
USA (INS/DHS),Syrian Arab Rep.,2011,October,25
USA (INS/DHS),Syrian Arab Rep.,2011,November,36
USA (INS/DHS),Syrian Arab Rep.,2011,December,34
USA (INS/DHS),Syrian Arab Rep.,2012,January,52
USA (INS/DHS),Syrian Arab Rep.,2012,February,31
USA (INS/DHS),Syrian Arab Rep.,2012,March,56
USA (INS/DHS),Syrian Arab Rep.,2012,April,47
USA (INS/DHS),Syrian Arab Rep.,2012,May,40
USA (INS/DHS),Syrian Arab Rep.,2012,June,35
USA (INS/DHS),Syrian Arab Rep.,2012,July,40
USA (INS/DHS),Syrian Arab Rep.,2012,August,41
USA (INS/DHS),Syrian Arab Rep.,2012,September,50
USA (INS/DHS),Syrian Arab Rep.,2012,October,89
USA (INS/DHS),Syrian Arab Rep.,2012,November,81
USA (INS/DHS),Syrian Arab Rep.,2012,December,85
USA (INS/DHS),Syrian Arab Rep.,2013,January,114
USA (INS/DHS),Syrian Arab Rep.,2013,February,111
USA (INS/DHS),Syrian Arab Rep.,2013,March,148
USA (INS/DHS),Syrian Arab Rep.,2013,April,121
USA (INS/DHS),Syrian Arab Rep.,2013,May,144
USA (INS/DHS),Syrian Arab Rep.,2013,June,128
USA (INS/DHS),Syrian Arab Rep.,2013,July,111
USA (INS/DHS),Syrian Arab Rep.,2013,August,105
USA (INS/DHS),Syrian Arab Rep.,2013,September,89
USA (INS/DHS),Syrian Arab Rep.,2013,October,139
USA (INS/DHS),Syrian Arab Rep.,2013,November,106
USA (INS/DHS),Syrian Arab Rep.,2013,December,152
USA (INS/DHS),Syrian Arab Rep.,2014,January,139
USA (INS/DHS),Syrian Arab Rep.,2014,February,104
USA (INS/DHS),Syrian Arab Rep.,2014,March,138
USA (INS/DHS),Syrian Arab Rep.,2014,April,141
USA (INS/DHS),Syrian Arab Rep.,2014,May,112
USA (INS/DHS),Syrian Arab Rep.,2014,June,139
USA (INS/DHS),Syrian Arab Rep.,2014,July,151
USA (INS/DHS),Syrian Arab Rep.,2014,August,129
USA (INS/DHS),Syrian Arab Rep.,2014,September,132
USA (INS/DHS),Syrian Arab Rep.,2014,October,153
USA (INS/DHS),Syrian Arab Rep.,2014,November,100
USA (INS/DHS),Syrian Arab Rep.,2014,December,126
USA (INS/DHS),Syrian Arab Rep.,2015,January,118
USA (INS/DHS),Syrian Arab Rep.,2015,February,56
USA (INS/DHS),Syrian Arab Rep.,2015,March,79
USA (INS/DHS),Syrian Arab Rep.,2015,April,64
USA (INS/DHS),Syrian Arab Rep.,2015,May,76
USA (INS/DHS),Syrian Arab Rep.,2015,June,71
USA (INS/DHS),Syrian Arab Rep.,2015,July,81
USA (INS/DHS),Syrian Arab Rep.,2015,August,82
USA (INS/DHS),Syrian Arab Rep.,2015,September,86
USA (INS/DHS),Syrian Arab Rep.,2015,October,82
USA (INS/DHS),Syrian Arab Rep.,2015,November,97
USA (INS/DHS),Syrian Arab Rep.,2015,December,112
USA (EOIR),Syrian Arab Rep.,2011,January,8
USA (EOIR),Syrian Arab Rep.,2011,February,1
USA (EOIR),Syrian Arab Rep.,2011,March,1
USA (EOIR),Syrian Arab Rep.,2011,April,4
USA (EOIR),Syrian Arab Rep.,2011,May,6
USA (EOIR),Syrian Arab Rep.,2011,June,8
USA (EOIR),Syrian Arab Rep.,2011,July,4
USA (EOIR),Syrian Arab Rep.,2011,August,2
USA (EOIR),Syrian Arab Rep.,2011,September,3
USA (EOIR),Syrian Arab Rep.,2011,October,5
USA (EOIR),Syrian Arab Rep.,2011,November,10
USA (EOIR),Syrian Arab Rep.,2011,December,5
USA (EOIR),Syrian Arab Rep.,2012,January,6
USA (EOIR),Syrian Arab Rep.,2012,February,6
USA (EOIR),Syrian Arab Rep.,2012,March,8
USA (EOIR),Syrian Arab Rep.,2012,April,3
USA (EOIR),Syrian Arab Rep.,2012,May,5
USA (EOIR),Syrian Arab Rep.,2012,June,6
USA (EOIR),Syrian Arab Rep.,2012,July,2
USA (EOIR),Syrian Arab Rep.,2012,August,5
USA (EOIR),Syrian Arab Rep.,2012,September,2
USA (EOIR),Syrian Arab Rep.,2012,October,7
USA (EOIR),Syrian Arab Rep.,2012,November,4
USA (EOIR),Syrian Arab Rep.,2012,December,3
USA (EOIR),Syrian Arab Rep.,2013,January,4
USA (EOIR),Syrian Arab Rep.,2013,February,2
USA (EOIR),Syrian Arab Rep.,2013,March,5
USA (EOIR),Syrian Arab Rep.,2013,April,8
USA (EOIR),Syrian Arab Rep.,2013,May,8
USA (EOIR),Syrian Arab Rep.,2013,June,11
USA (EOIR),Syrian Arab Rep.,2013,July,11
USA (EOIR),Syrian Arab Rep.,2013,August,20
USA (EOIR),Syrian Arab Rep.,2013,September,16
USA (EOIR),Syrian Arab Rep.,2013,October,8
USA (EOIR),Syrian Arab Rep.,2013,November,14
USA (EOIR),Syrian Arab Rep.,2013,December,8
USA (EOIR),Syrian Arab Rep.,2014,January,19
USA (EOIR),Syrian Arab Rep.,2014,February,22
USA (EOIR),Syrian Arab Rep.,2014,March,9
USA (EOIR),Syrian Arab Rep.,2014,April,11
USA (EOIR),Syrian Arab Rep.,2014,May,9
USA (EOIR),Syrian Arab Rep.,2014,June,8
USA (EOIR),Syrian Arab Rep.,2014,July,12
USA (EOIR),Syrian Arab Rep.,2014,August,10
USA (EOIR),Syrian Arab Rep.,2014,September,6
USA (EOIR),Syrian Arab Rep.,2014,October,15
USA (EOIR),Syrian Arab Rep.,2014,November,16
USA (EOIR),Syrian Arab Rep.,2014,December,*
USA (EOIR),Syrian Arab Rep.,2015,January,8
USA (EOIR),Syrian Arab Rep.,2015,February,8
USA (EOIR),Syrian Arab Rep.,2015,March,*
USA (EOIR),Syrian Arab Rep.,2015,April,5
USA (EOIR),Syrian Arab Rep.,2015,May,10
USA (EOIR),Syrian Arab Rep.,2015,June,12
USA (EOIR),Syrian Arab Rep.,2015,July,10
Serbia and Kosovo (S/RES/1244 (1999)),Syrian Arab Rep.,2011,February,12
Serbia and Kosovo (S/RES/1244 (1999)),Syrian Arab Rep.,2011,March,11
Serbia and Kosovo (S/RES/1244 (1999)),Syrian Arab Rep.,2011,April,7
Serbia and Kosovo (S/RES/1244 (1999)),Syrian Arab Rep.,2011,July,1
Serbia and Kosovo (S/RES/1244 (1999)),Syrian Arab Rep.,2011,August,1
Serbia and Kosovo (S/RES/1244 (1999)),Syrian Arab Rep.,2011,November,1
Serbia and Kosovo (S/RES/1244 (1999)),Syrian Arab Rep.,2012,January,4
Serbia and Kosovo (S/RES/1244 (1999)),Syrian Arab Rep.,2012,March,3
Serbia and Kosovo (S/RES/1244 (1999)),Syrian Arab Rep.,2012,April,7
Serbia and Kosovo (S/RES/1244 (1999)),Syrian Arab Rep.,2012,May,13
Serbia and Kosovo (S/RES/1244 (1999)),Syrian Arab Rep.,2012,June,23
Serbia and Kosovo (S/RES/1244 (1999)),Syrian Arab Rep.,2012,July,5
Serbia and Kosovo (S/RES/1244 (1999)),Syrian Arab Rep.,2012,August,29
Serbia and Kosovo (S/RES/1244 (1999)),Syrian Arab Rep.,2012,September,33
Serbia and Kosovo (S/RES/1244 (1999)),Syrian Arab Rep.,2012,October,51
Serbia and Kosovo (S/RES/1244 (1999)),Syrian Arab Rep.,2012,November,41
Serbia and Kosovo (S/RES/1244 (1999)),Syrian Arab Rep.,2012,December,79
Serbia and Kosovo (S/RES/1244 (1999)),Syrian Arab Rep.,2013,January,33
Serbia and Kosovo (S/RES/1244 (1999)),Syrian Arab Rep.,2013,February,47
Serbia and Kosovo (S/RES/1244 (1999)),Syrian Arab Rep.,2013,March,84
Serbia and Kosovo (S/RES/1244 (1999)),Syrian Arab Rep.,2013,April,93
Serbia and Kosovo (S/RES/1244 (1999)),Syrian Arab Rep.,2013,May,82
Serbia and Kosovo (S/RES/1244 (1999)),Syrian Arab Rep.,2013,June,44
Serbia and Kosovo (S/RES/1244 (1999)),Syrian Arab Rep.,2013,July,70
Serbia and Kosovo (S/RES/1244 (1999)),Syrian Arab Rep.,2013,August,103
Serbia and Kosovo (S/RES/1244 (1999)),Syrian Arab Rep.,2013,September,221
Serbia and Kosovo (S/RES/1244 (1999)),Syrian Arab Rep.,2013,October,194
Serbia and Kosovo (S/RES/1244 (1999)),Syrian Arab Rep.,2013,November,165
Serbia and Kosovo (S/RES/1244 (1999)),Syrian Arab Rep.,2013,December,226
Serbia and Kosovo (S/RES/1244 (1999)),Syrian Arab Rep.,2014,January,540
Serbia and Kosovo (S/RES/1244 (1999)),Syrian Arab Rep.,2014,February,233
Serbia and Kosovo (S/RES/1244 (1999)),Syrian Arab Rep.,2014,March,183
Serbia and Kosovo (S/RES/1244 (1999)),Syrian Arab Rep.,2014,April,271
Serbia and Kosovo (S/RES/1244 (1999)),Syrian Arab Rep.,2014,May,346
Serbia and Kosovo (S/RES/1244 (1999)),Syrian Arab Rep.,2014,June,425
Serbia and Kosovo (S/RES/1244 (1999)),Syrian Arab Rep.,2014,July,792
Serbia and Kosovo (S/RES/1244 (1999)),Syrian Arab Rep.,2014,August,951
Serbia and Kosovo (S/RES/1244 (1999)),Syrian Arab Rep.,2014,September,1026
Serbia and Kosovo (S/RES/1244 (1999)),Syrian Arab Rep.,2014,October,1770
Serbia and Kosovo (S/RES/1244 (1999)),Syrian Arab Rep.,2014,November,1499
Serbia and Kosovo (S/RES/1244 (1999)),Syrian Arab Rep.,2014,December,1748
Serbia and Kosovo (S/RES/1244 (1999)),Syrian Arab Rep.,2015,January,1164
Serbia and Kosovo (S/RES/1244 (1999)),Syrian Arab Rep.,2015,February,801
Serbia and Kosovo (S/RES/1244 (1999)),Syrian Arab Rep.,2015,March,1628
Serbia and Kosovo (S/RES/1244 (1999)),Syrian Arab Rep.,2015,April,1912
Serbia and Kosovo (S/RES/1244 (1999)),Syrian Arab Rep.,2015,May,4564
Serbia and Kosovo (S/RES/1244 (1999)),Syrian Arab Rep.,2015,June,8335
Serbia and Kosovo (S/RES/1244 (1999)),Syrian Arab Rep.,2015,July,19607
Serbia and Kosovo (S/RES/1244 (1999)),Syrian Arab Rep.,2015,August,27752
Serbia and Kosovo (S/RES/1244 (1999)),Syrian Arab Rep.,2015,September,31847
Serbia and Kosovo (S/RES/1244 (1999)),Syrian Arab Rep.,2015,October,96533
Serbia and Kosovo (S/RES/1244 (1999)),Syrian Arab Rep.,2015,November,70630
Serbia and Kosovo (S/RES/1244 (1999)),Syrian Arab Rep.,2015,December,36818